Date,Adj Close,LN  return
2012/1/3,23.029125,0.00578355
2012/1/4,23.162701,0.022054052
2012/1/5,23.679207,0.012705936
2012/1/6,23.981993,0.005936934
2012/1/9,24.124796,-0.002222507
2012/1/10,24.071238,-0.00297052
2012/1/11,23.99984,0.010358979
2012/1/12,24.249746,0.006237397
2012/1/13,24.401474,0.011636368
2012/1/17,24.687077,0.024287028
2012/1/18,25.293993,0.007732895
2012/1/19,25.490347,0.005238323
2012/1/20,25.624224,-0.011208479
2012/1/23,25.338619,0.004217921
2012/1/24,25.445721,0
2012/1/25,25.445721,-0.00774643
2012/1/26,25.249369,0.004584718
2012/1/27,25.365396,0.006313695
2012/1/30,25.526052,-0.013730529
2012/1/31,25.177961,0.023472955
2012/2/1,25.775953,-0.002426791
2012/2/2,25.713476,0.010359296
2012/2/3,25.981234,-0.003785808
2012/2/6,25.88306,-0.001725705
2012/2/7,25.838432,-0.007628517
2012/2/8,25.642073,0.005553639
2012/2/9,25.784876,-0.013591174
2012/2/10,25.4368,-0.002459424
2012/2/13,25.374317,-0.006705568
2012/2/14,25.204737,-0.009249165
2012/2/15,24.972689,0.034080208
2012/2/16,25.838432,-0.005542019
2012/2/17,25.695631,-0.001738459
2012/2/21,25.650999,-0.006632881
2012/2/22,25.481422,0.009065575
2012/2/23,25.713476,0.015157009
2012/2/24,26.106184,0.000341929
2012/2/27,26.115112,0.004433028
2012/2/28,26.231138,-0.004774957
2012/2/29,26.106184,0.019634984
2012/3/1,26.623844,0.004348729
2012/3/2,26.739876,0.009302341
2012/3/5,26.98978,-0.009970069
2012/3/6,26.722027,0.009308674
2012/3/7,26.971935,-0.004976112
2012/3/8,26.838053,0.001993276
2012/3/9,26.891602,-0.014037549
2012/3/12,26.516747,0.014037549
2012/3/13,26.891602,-0.009671407
2012/3/14,26.632776,0.007345525
2012/3/15,26.829128,-0.010702362
2012/3/16,26.543524,0.000672292
2012/3/19,26.561375,0.011359754
2012/3/20,26.864826,-0.02319045
2012/3/21,26.248987,-0.026879559
2012/3/22,25.552824,-0.002798201
2012/3/23,25.481422,0.021141021
2012/3/26,26.02586,0.006494538
2012/3/27,26.195436,0.000340803
2012/3/28,26.204365,-0.002045529
2012/3/29,26.150818,-0.004789812
2012/3/30,26.02586,0.01260886
2012/4/2,26.356094,-0.004752341
2012/4/3,26.231138,-0.007856519
2012/4/4,26.02586,0.013624353
2012/4/5,26.382872,-0.016749859
2012/4/9,25.944643,-0.023013538
2012/4/10,25.354383,-0.007435128
2012/4/11,25.166569,0.019705217
2012/4/12,25.6674,-0.004890031
2012/4/13,25.542192,0.002797292
2012/4/16,25.613741,0.02210042
2012/4/17,26.186117,-0.005136072
2012/4/18,26.051968,-0.00412816
2012/4/19,25.944643,-0.004491304
2012/4/20,25.828379,-0.013947197
2012/4/23,25.470646,0.007346729
2012/4/24,25.658461,0.006254277
2012/4/25,25.819439,0.005182093
2012/4/26,25.953585,0.00755248
2012/4/27,26.150341,0.005456944
2012/4/30,26.293432,0.005765892
2012/5/1,26.445475,0.004723248
2012/5/2,26.570679,-0.011169504
2012/5/3,26.275549,-0.033573191
2012/5/4,25.408039,-0.017397644
2012/5/7,24.969822,0.000357968
2012/5/8,24.978762,-0.005385036
2012/5/9,24.844612,-0.027738955
2012/5/10,24.164919,-0.000740314
2012/5/11,24.147036,-0.001482771
2012/5/14,24.111258,0.003702235
2012/5/15,24.200689,-0.012644245
2012/5/16,23.896616,-0.017746224
2012/5/17,23.476282,-0.024682866
2012/5/18,22.903913,0.025063688
2012/5/21,23.485224,0.003800779
2012/5/22,23.574656,0.012066762
2012/5/23,23.860849,-0.02121307
2012/5/24,23.360018,0.000765331
2012/5/25,23.377903,0.012167238
2012/5/29,23.664085,-0.011020274
2012/5/30,23.404732,0.011398244
2012/5/31,23.673031,-0.017915428
2012/6/1,23.252695,0.007662963
2012/6/4,23.431564,0.019278466
2012/6/5,23.887671,0.030238447
2012/6/6,24.621029,-0.012794907
2012/6/7,24.308012,-0.000736119
2012/6/8,24.290125,-0.012970514
2012/6/11,23.977104,0.00817255
2012/6/12,24.173861,-0.000369972
2012/6/13,24.164919,-0.004079376
2012/6/14,24.066542,0.028934437
2012/6/15,24.773066,-0.021160991
2012/6/18,24.254351,0.030503376
2012/6/19,25.00559,0.018778457
2012/6/20,25.479593,-0.024157579
2012/6/21,24.871443,0.00680878
2012/6/22,25.041365,-0.013664237
2012/6/25,24.701521,0.007574136
2012/6/26,24.889324,0.01214302
2012/6/27,25.193398,0
2012/6/28,25.193398,0.052889821
2012/6/29,26.561739,0.003361218
2012/7/2,26.651169,0.005688455
2012/7/3,26.803205,-0.008376713
2012/7/5,26.57962,-0.018336654
2012/7/6,26.09668,-0.002745225
2012/7/9,26.025137,-0.001719817
2012/7/10,25.980417,0.008244693
2012/7/11,26.195503,-0.014126025
2012/7/12,25.828066,0.026028641
2012/7/13,26.509161,-0.002030264
2012/7/16,26.455395,0.013459146
2012/7/17,26.813869,0.019199437
2012/7/18,27.333654,0.012058387
2012/7/19,27.665249,-0.02459554
2012/7/20,26.993107,-0.015727308
2012/7/23,26.571899,-0.011192279
2012/7/24,26.276157,-0.002048515
2012/7/25,26.222385,0.024976016
2012/7/26,26.885563,0.025342816
2012/7/27,27.575626,-0.006193944
2012/7/30,27.405352,-0.012504332
2012/7/31,27.0648,0.003965774
2012/8/1,27.172346,-0.013280511
2012/8/2,26.813869,0.026386814
2012/8/3,27.530819,0.009073406
2012/8/6,27.781754,0.016000207
2012/8/7,28.229843,-0.010852251
2012/8/8,27.925142,0.006716696
2012/8/9,28.113338,0.007621451
2012/8/10,28.328421,-0.007940211
2012/8/13,28.104378,-0.00031904
2012/8/14,28.095413,0.006359354
2012/8/15,28.274651,0.015099479
2012/8/16,28.704823,0.005293401
2012/8/17,28.857172,-0.004981377
2012/8/20,28.713781,-0.009092229
2012/8/21,28.453892,-0.001575788
2012/8/22,28.40909,-0.003476368
2012/8/23,28.310501,0.011331468
2012/8/24,28.633125,-0.003762931
2012/8/27,28.525583,-0.00788522
2012/8/28,28.301537,-0.002853949
2012/8/29,28.220881,-0.010214036
2012/8/30,27.934099,0.015282231
2012/8/31,28.364273,-0.002530993
2012/9/4,28.292574,0.015713721
2012/9/5,28.740667,0.017311171
2012/9/6,29.242533,-0.000919837
2012/9/7,29.215647,-0.008935585
2012/9/10,28.955751,0.000309424
2012/9/11,28.964712,-0.00185826
2012/9/12,28.910938,0.011097911
2012/9/13,29.233576,0.010065689
2012/9/14,29.529318,0.004541892
2012/9/17,29.663742,-0.002419917
2012/9/18,29.592045,-0.007294984
2012/9/19,29.376957,-0.01599059
2012/9/20,28.910938,0.006488757
2012/9/21,29.099144,-0.007729022
2012/9/24,28.875103,-0.0289695
2012/9/25,28.050606,-0.018378731
2012/9/26,27.53978,0.015819507
2012/9/27,27.97891,0.007658106
2012/9/28,28.193998,0.006652894
2012/10/1,28.382195,-0.000631652
2012/10/2,28.364273,0.00535668
2012/10/3,28.516619,0.002511203
2012/10/4,28.58832,-0.016116545
2012/10/5,28.131268,-0.006712615
2012/10/8,27.943066,-0.017144334
2012/10/9,27.468084,-0.000326905
2012/10/10,27.459106,0.004567633
2012/10/11,27.584816,0.009073328
2012/10/12,27.836241,0.009630858
2012/10/15,28.105623,0.018047183
2012/10/16,28.617455,-0.02028593
2012/10/17,28.042772,-0.003528587
2012/10/18,27.943995,-0.020779943
2012/10/19,27.369312,0.010443711
2012/10/22,27.656647,-0.006841202
2012/10/23,27.468088,0.000326726
2012/10/24,27.477064,0.008460973
2012/10/25,27.710533,0.00420363
2012/10/26,27.827263,0.002900065
2012/10/31,27.908081,0.012787815
2012/11/1,28.267256,-0.008613949
2012/11/2,28.024809,0.001280794
2012/11/5,28.060726,0.012086681
2012/11/6,28.401945,-0.026915991
2012/11/7,27.647675,-0.012089747
2012/11/8,27.315434,-0.002303878
2012/11/9,27.252575,-0.001648579
2012/11/12,27.207684,-0.009283992
2012/11/13,26.956257,-0.014765556
2012/11/14,26.561157,0.012431315
2012/11/15,26.893408,0.001667754
2012/11/16,26.938297,0.004655957
2012/11/19,27.064013,0.001988635
2012/11/20,27.117887,0.006600623
2012/11/21,27.297474,0.01696067
2012/11/23,27.764406,0.001293015
2012/11/26,27.800329,0.008362677
2012/11/27,28.033789,0.018407371
2012/11/28,28.554596,0.001257116
2012/11/29,28.590515,0.010621617
2012/11/30,28.895811,0.00403179
2012/12/3,29.012548,0.002164064
2012/12/4,29.075401,-0.011804857
2012/12/5,28.734188,0.000936911
2012/12/6,28.761122,-0.003440269
2012/12/7,28.662346,0.004688294
2012/12/10,28.797039,0.008383921
2012/12/11,29.039486,-0.00686426
2012/12/12,28.840834,-0.010385693
2012/12/13,28.542852,0.011011762
2012/12/14,28.858896,0.011201081
2012/12/17,29.183964,0.017178278
2012/12/18,29.689625,0.036139365
2012/12/19,30.782213,-0.00440975
2012/12/20,30.64677,-0.00531751
2012/12/21,30.484238,-0.004453016
2012/12/24,30.348793,0
2012/12/26,30.348793,-0.010167668
2012/12/27,30.04178,-0.007542442
2012/12/28,29.816044,0.009044121
2012/12/31,30.086927,0.040293691
2013/1/2,31.323996,-0.011014629
2013/1/3,30.980867,0.00870565
2013/1/4,31.251753,-0.005213917
2013/1/7,31.089233,0.000290283
2013/1/8,31.098259,0.000580475
2013/1/9,31.116316,0.012974023
2013/1/10,31.52265,-0.001433044
2013/1/11,31.477509,0.002864513
2013/1/14,31.567806,-0.007465087
2013/1/15,31.333027,-0.001730375
2013/1/16,31.278856,-0.000577618
2013/1/17,31.260794,0.014054569
2013/1/18,31.703253,-0.005140297
2013/1/22,31.540707,-0.006894548
2013/1/23,31.323996,0.007180899
2013/1/24,31.54974,0.012514372
2013/1/25,31.947046,0.004512164
2013/1/28,32.091522,0.006730144
2013/1/29,32.308231,-0.011242308
2013/1/30,31.947046,0.003667721
2013/1/31,32.064434,0.019520904
2013/2/1,32.69651,-0.030279965
2013/2/4,31.7213,0.00991403
2013/2/5,32.03735,-0.010768206
2013/2/6,31.694216,-0.015504112
2013/2/7,31.206615,0.009789996
2013/2/8,31.513628,0.001717717
2013/2/11,31.567806,0.00428149
2013/2/12,31.703253,-0.00342418
2013/2/13,31.594881,-0.002575027
2013/2/14,31.513628,-0.002582279
2013/2/15,31.432356,0.016807281
2013/2/19,31.965113,-0.011078211
2013/2/20,31.612951,-0.021071916
2013/2/21,30.953775,0.013617721
2013/2/22,31.378178,-0.013617721
2013/2/25,30.953775,0.00116635
2013/2/26,30.989899,0.010434626
2013/2/27,31.31496,-0.012768397
2013/2/28,30.91766,0.011325905
2013/3/1,31.269821,0.012055096
2013/3/4,31.649063,0.011629772
2013/3/5,32.019283,0.011217395
2013/3/6,32.380478,0.002228212
2013/3/7,32.452709,-0.006419906
2013/3/8,32.245033,0.004749344
2013/3/11,32.39854,-0.012621456
2013/3/12,31.992193,0.004224939
2013/3/13,32.127644,0.020033973
2013/3/14,32.777779,0.00110139
2013/3/15,32.8139,-0.008289453
2013/3/18,32.543015,-0.009759166
2013/3/19,32.226967,0.002238938
2013/3/20,32.299202,-0.10204234
2013/3/21,29.165899,-0.009956381
2013/3/22,28.876953,-0.023091563
2013/3/25,28.217779,0.009237381
2013/3/26,28.479645,0.012915623
2013/3/27,28.849863,0.011823265
2013/3/28,29.192987,0.002471544
2013/4/1,29.265228,0.010130629
2013/4/2,29.56321,-0.010439063
2013/4/3,29.256203,-0.000926523
2013/4/4,29.229109,-0.010559295
2013/4/5,28.922094,0.010250582
2013/4/8,29.220087,0.020795919
2013/4/9,29.834108,0.020668409
2013/4/10,30.457148,-0.003266238
2013/4/11,30.35783,-0.004770826
2013/4/12,30.213343,-0.019921959
2013/4/15,29.61739,0.018725679
2013/4/16,30.177221,-0.028221864
2013/4/17,29.337469,-0.011453543
2013/4/18,29.003368,0.007753135
2013/4/19,29.229109,0.004623136
2013/4/22,29.364552,-0.001846684
2013/4/23,29.310375,0.001539191
2013/4/24,29.355524,-0.007409537
2013/4/25,29.138817,0.002785181
2013/4/26,29.220087,-0.003715301
2013/4/29,29.111727,0.016610542
2013/4/30,29.599327,0.011525882
2013/5/1,29.942459,0.015856639
2013/5/2,30.42103,-0.009244025
2013/5/3,30.141113,0.003886917
2013/5/6,30.258497,-0.007488751
2013/5/7,30.032745,0.005995362
2013/5/8,30.213343,0.007147255
2013/5/9,30.430059,0.009451006
2013/5/10,30.719017,-0.007079982
2013/5/13,30.502295,-0.003261889
2013/5/14,30.402962,0.009459422
2013/5/15,30.691921,0.011117557
2013/5/16,31.035044,0.019020951
2013/5/17,31.63101,-0.003717881
2013/5/20,31.513628,0.005714116
2013/5/21,31.694216,-0.028317579
2013/5/22,30.809301,0.003219002
2013/5/23,30.908636,-0.005272665
2013/5/24,30.746094,0.013998668
2013/5/28,31.179525,-0.00377169
2013/5/29,31.062147,-0.001745897
2013/5/30,31.007963,-0.016442116
2013/5/31,30.502295,0.01789678
2013/6/3,31.053102,-0.00671033
2013/6/4,30.845423,-0.001171751
2013/6/5,30.809301,-0.022825748
2013/6/6,30.114021,0.013698851
2013/6/7,30.529387,0.007073234
2013/6/10,30.746094,-0.01419702
2013/6/11,30.312675,-0.001490718
2013/6/12,30.267521,0.021544633
2013/6/13,30.926699,-0.014114017
2013/6/14,30.493265,0.014697452
2013/6/17,30.944748,0.003786648
2013/6/18,31.062147,-0.009052916
2013/6/19,30.782213,-0.02615306
2013/6/20,29.9876,-0.096997666
2013/6/21,27.21549,0.000994894
2013/6/24,27.24258,-0.006984912
2013/6/25,27.052956,0.005990018
2013/6/26,27.21549,0.010232822
2013/6/27,27.495411,0.008502341
2013/6/28,27.730183,-0.019731121
2013/7/1,27.188398,-0.000332219
2013/7/2,27.179367,0.019737721
2013/7/3,27.721155,0.015834879
2013/7/5,28.16361,0.014640624
2013/7/8,28.578976,-0.004115954
2013/7/9,28.461588,-0.005428496
2013/7/10,28.307503,0.019972004
2013/7/11,28.878544,-0.019332237
2013/7/12,28.325619,0.024029114
2013/7/15,29.014502,-0.000312306
2013/7/16,29.005442,0.004987534
2013/7/17,29.150469,-0.004675228
2013/7/18,29.014502,-0.004696877
2013/7/19,28.878544,0.000313679
2013/7/22,28.887604,0.006255954
2013/7/23,29.06889,0.009928706
2013/7/24,29.358944,-0.000617754
2013/7/25,29.340813,0.005238326
2013/7/26,29.494913,-0.001845817
2013/7/29,29.440521,0.002152874
2013/7/30,29.503971,-0.006163348
2013/7/31,29.322687,0.012288874
2013/8/1,29.685253,-0.005511289
2013/8/2,29.522099,0.006426914
2013/8/5,29.712446,0.006688975
2013/8/6,29.911858,-0.005469322
2013/8/7,29.748707,0.006075419
2013/8/8,29.929993,-0.003033364
2013/8/9,29.839342,0.009974439
2013/8/12,30.138462,0
2013/8/13,30.138462,0.009578163
2013/8/14,30.42852,-0.025340897
2013/8/15,29.667122,-0.009825025
2013/8/16,29.377069,-0.01085794
2013/8/19,29.05982,0.004357621
2013/8/20,29.186728,0.00310047
2013/8/21,29.277361,0.003091431
2013/8/22,29.36801,-0.019636126
2013/8/23,28.796961,0.017782496
2013/8/26,29.313623,-0.017467686
2013/8/27,28.806028,-0.003783162
2013/8/28,28.697256,0.001262842
2013/8/29,28.733519,0.005034547
2013/8/30,28.878544,0.005009327
2013/9/3,29.023569,0.00932556
2013/9/4,29.295496,-0.001858257
2013/9/5,29.241108,-0.001861442
2013/9/6,29.186728,0.016936305
2013/9/9,29.685253,0.00335311
2013/9/10,29.784958,0.004857587
2013/9/11,29.929993,-0.006989995
2013/9/12,29.721512,-0.010115144
2013/9/13,29.42239,0.015589523
2013/9/16,29.884665,0.008757192
2013/9/17,30.14752,0.01817429
2013/9/18,30.700439,0.000590436
2013/9/19,30.718571,0.004709976
2013/9/20,30.863596,-0.003235669
2013/9/23,30.763893,-0.008878327
2013/9/24,30.49197,0.006813584
2013/9/25,30.700439,-0.001772816
2013/9/26,30.646061,-0.000887849
2013/9/27,30.618864,-0.018223054
2013/9/30,30.065948,0.009899699
2013/10/1,30.36507,0.005358665
2013/10/2,30.528223,-0.013150094
2013/10/3,30.129402,0.002713561
2013/10/4,30.211271,-0.011203533
2013/10/7,29.874687,-0.014415387
2013/10/8,29.447121,-0.005576266
2013/10/9,29.283373,0.024548732
2013/10/10,30.011139,0.008150687
2013/10/11,30.25675,0.000601404
2013/10/14,30.274952,-0.016053648
2013/10/15,29.792809,0.008210673
2013/10/16,30.038435,-0.004553498
2013/10/17,29.901966,0.000912567
2013/10/18,29.929266,0.001518897
2013/10/21,29.97476,-0.001518897
2013/10/22,29.929266,-0.006097687
2013/10/23,29.747322,0.011251632
2013/10/24,30.083918,0.002416245
2013/10/25,30.156696,-0.000302035
2013/10/28,30.147589,0.01705377
2013/10/29,30.666128,-0.005353813
2013/10/30,30.502386,-0.000895281
2013/10/31,30.47509,0.000895281
2013/11/1,30.502386,0.005353813
2013/11/4,30.666128,-0.006249094
2013/11/5,30.47509,0.01687149
2013/11/6,30.993612,-0.002056504
2013/11/7,30.929939,0.010241416
2013/11/8,31.248333,0.000582006
2013/11/11,31.266525,0.009555681
2013/11/12,31.56673,0.008608494
2013/11/13,31.839645,-0.017873235
2013/11/14,31.275623,0.015584947
2013/11/15,31.76687,0.000286138
2013/11/18,31.775961,-0.004878768
2013/11/19,31.621311,-0.000287569
2013/11/20,31.612219,0.005452676
2013/11/21,31.785061,-0.003153269
2013/11/22,31.684992,-0.001436569
2013/11/25,31.639507,0.004303499
2013/11/26,31.775961,0.010253814
2013/11/27,32.103462,0
2013/11/29,32.103462,-0.005968286
2013/12/2,31.91243,-0.000285196
2013/12/3,31.90333,0
2013/12/4,31.90333,-0.006293086
2013/12/5,31.70319,0.017916094
2013/12/6,32.276306,0.003376279
2013/12/9,32.385464,-0.022728338
2013/12/10,31.657698,-0.00692019
2013/12/11,31.439377,-0.028170745
2013/12/12,30.566065,-0.011073031
2013/12/13,30.229473,0.009285401
2013/12/16,30.511473,0.002680052
2013/12/17,30.593355,0.028434929
2013/12/18,31.475761,0.056194584
2013/12/19,33.29517,-0.006304225
2013/12/20,33.08593,0.015280411
2013/12/23,33.595379,0.010504745
2013/12/24,33.95015,0.009865506
2013/12/26,34.286743,0.007665299
2013/12/27,34.550571,0.000263203
2013/12/30,34.559666,0.007081561
2013/12/31,34.805271,-0.011037998
2014/1/2,34.423203,-0.002654523
2014/1/3,34.331947,-0.003995219
2014/1/6,34.195057,0.010090126
2014/1/7,34.541836,-0.003440297
2014/1/8,34.423206,-0.001857478
2014/1/9,34.359325,0.012143783
2014/1/10,34.779121,-0.009491286
2014/1/13,34.450584,0.012111493
2014/1/14,34.870369,0.005220849
2014/1/15,35.052898,-0.00312874
2014/1/16,34.943398,-0.00209211
2014/1/17,34.870369,-0.002620207
2014/1/21,34.779121,-0.003416872
2014/1/22,34.660488,0.004465687
2014/1/23,34.815617,-0.027639017
2014/1/24,33.866524,-0.016848346
2014/1/27,33.300709,0.016578545
2014/1/28,33.857388,-0.003509848
2014/1/29,33.738762,0.011563952
2014/1/30,34.13118,-0.013459266
2014/1/31,33.674877,-0.029146957
2014/2/3,32.707523,0.00334275
2014/2/4,32.817039,-0.000278553
2014/2/5,32.807899,0.021192646
2014/2/6,33.510605,0.01271822
2014/2/7,33.939522,0.002953454
2014/2/10,34.039909,0.014373505
2014/2/11,34.532715,0.006059781
2014/2/12,34.742611,0.009151663
2014/2/13,35.062023,-0.011518215
2014/2/14,34.660488,-0.00026362
2014/2/18,34.651352,-0.002637109
2014/2/19,34.560093,0.010507193
2014/2/20,34.925137,-0.004452428
2014/2/21,34.769981,0.001049723
2014/2/24,34.806499,0.002880023
2014/2/25,34.906887,0.006514351
2014/2/26,35.135025,0.011620471
2014/2/27,35.545692,0.004099846
2014/2/28,35.691723,-0.015460525
2014/3/3,35.144154,0.023101635
2014/3/4,35.965492,0.002281196
2014/3/5,36.04763,-0.001013146
2014/3/6,36.011127,-0.016094416
2014/3/7,35.436188,0.000772302
2014/3/10,35.463566,0.001028555
2014/3/11,35.500061,-0.009816088
2014/3/12,35.153294,-0.022844875
2014/3/13,34.359325,-0.001328615
2014/3/14,34.313705,0.0163548
2014/3/17,34.879513,0.016091703
2014/3/18,35.445324,-0.007494613
2014/3/19,35.180668,-0.004680432
2014/3/20,35.016392,-0.022934988
2014/3/21,34.222431,0.017971007
2014/3/24,34.843002,0.005745738
2014/3/25,35.043777,0.017553062
2014/3/26,35.664333,0.004086235
2014/3/27,35.810364,0.008374219
2014/3/28,36.111507,0.033303586
2014/3/31,37.3344,0.014077637
2014/4/1,37.863697,-0.00871459
2014/4/2,37.535164,-0.018650912
2014/4/3,36.841587,-0.006730426
2014/4/4,36.59446,-0.012838639
2014/4/7,36.12764,0.019320945
2014/4/8,36.832447,0.015779117
2014/4/9,37.41824,-0.027025495
2014/4/10,36.420536,-0.020566839
2014/4/11,35.679131,0.015022667
2014/4/14,36.219173,0.004035093
2014/4/15,36.365616,0.0100179
2014/4/16,36.731754,-0.001246702
2014/4/17,36.685989,0.003984258
2014/4/21,36.832447,0.005451787
2014/4/22,37.033798,-0.016698164
2014/4/23,36.420536,-0.001005488
2014/4/24,36.383934,-0.007575829
2014/4/25,36.109337,0.017090138
2014/4/28,36.731754,-0.000498494
2014/4/29,36.713448,0.019015168
2014/4/30,37.41824,0.002199233
2014/5/1,37.500622,-0.003912914
2014/5/2,37.354172,0.009753461
2014/5/5,37.720287,-0.004864799
2014/5/6,37.537231,0.001218261
2014/5/7,37.582989,-0.004637858
2014/5/8,37.409088,0.004150737
2014/5/9,37.564686,0.021931592
2014/5/12,38.39764,-0.001431216
2014/5/13,38.342724,-0.000239109
2014/5/14,38.333557,0.001193255
2014/5/15,38.379326,-0.005740071
2014/5/16,38.159657,0.01121056
2014/5/19,38.589855,-0.014333909
2014/5/20,38.040657,0.002883198
2014/5/21,38.150494,-0.003846131
2014/5/22,38.004044,0.015059369
2014/5/23,38.580692,-0.005710235
2014/5/27,38.361015,-0.008145566
2014/5/28,38.049812,0.015041313
2014/5/29,38.626457,-0.004274203
2014/5/30,38.461712,-0.001190879
2014/6/2,38.415936,-0.003819531
2014/6/3,38.269485,-0.002634414
2014/6/4,38.1688,0.009546804
2014/6/5,38.534935,0.012510769
2014/6/6,39.020065,0.001640194
2014/6/9,39.084118,-0.000937034
2014/6/10,39.047512,-0.002346819
2014/6/11,38.955982,-0.013245468
2014/6/12,38.443394,0.003327644
2014/6/13,38.571533,0.000237427
2014/6/16,38.580692,0.004025227
2014/6/17,38.736301,0.011511618
2014/6/18,39.184795,-0.007032028
2014/6/19,38.910213,-0.040566992
2014/6/20,37.363331,0.006835475
2014/6/23,37.619602,-0.008306769
2014/6/24,37.308399,-0.00738752
2014/6/25,37.033798,-0.00769107
2014/6/26,36.750061,0.009419886
2014/6/27,37.097878,0
2014/6/30,37.097878,0.005903981
2014/7/1,37.317551,0.004405576
2014/7/2,37.482319,0.009478573
2014/7/3,37.839287,-0.008037785
2014/7/7,37.536362,-0.00810364
2014/7/8,37.23341,-0.007423938
2014/7/9,36.958015,0.001489365
2014/7/10,37.0131,-0.004723307
2014/7/11,36.838688,0.008930653
2014/7/14,37.169155,0.001234294
2014/7/15,37.215061,-0.006931006
2014/7/16,36.958015,-0.00873125
2014/7/17,36.63673,0.002252766
2014/7/18,36.719357,0.000249592
2014/7/21,36.728523,0.010442739
2014/7/22,37.114079,-0.002972181
2014/7/23,37.003933,0.003961182
2014/7/24,37.150803,-0.003465141
2014/7/25,37.022293,0.005439595
2014/7/28,37.224228,0.001971394
2014/7/29,37.297684,0.0080892
2014/7/30,37.600616,-0.014013839
2014/7/31,37.077362,-0.019500472
2014/8/1,36.36134,0.012294231
2014/8/4,36.811134,-0.003497144
2014/8/5,36.682625,0.004992448
2014/8/6,36.866219,-0.012276188
2014/8/7,36.416409,0.006783105
2014/8/8,36.664265,-0.000500885
2014/8/11,36.645905,-0.000500945
2014/8/12,36.627552,0.008485216
2014/8/13,36.939667,-0.000496961
2014/8/14,36.921314,0.00149052
2014/8/15,36.976387,0.008897651
2014/8/18,37.306858,0.018769609
2014/8/19,38.013706,-0.003871169
2014/8/20,37.866833,0.0079681
2014/8/21,38.169765,0.001201774
2014/8/22,38.215664,0.002638965
2014/8/25,38.316647,0.002392465
2014/8/26,38.408428,-0.004791401
2014/8/27,38.224838,-0.008925375
2014/8/28,37.885185,0.006280168
2014/8/29,38.123859,0.003125617
2014/9/2,38.243206,0.005743946
2014/9/3,38.463505,-0.008388169
2014/9/4,38.142216,-0.006761562
2014/9/5,37.885185,-0.015382968
2014/9/8,37.306858,0.001720963
2014/9/9,37.371117,0
2014/9/10,37.371117,-0.000737071
2014/9/11,37.343582,-0.00443481
2014/9/12,37.178337,0.003942824
2014/9/15,37.325214,0.012950692
2014/9/16,37.811745,-0.001214514
2014/9/17,37.76585,0.009916445
2014/9/18,38.142216,-0.04303033
2014/9/19,36.535755,-0.005543098
2014/9/22,36.333794,-0.019130719
2014/9/23,35.645309,0.015080174
2014/9/24,36.18692,-0.016884732
2014/9/25,35.581043,0.004890073
2014/9/26,35.755463,-0.013180056
2014/9/29,35.287296,-0.004171006
2014/9/30,35.140419,-0.004975846
2014/10/1,34.966,0.004714517
2014/10/2,35.131237,0.016070599
2014/10/3,35.700378,0.007964251
2014/10/6,35.98584,-0.015992186
2014/10/7,35.414925,0.014455736
2014/10/8,35.930592,-0.007201397
2014/10/9,35.672771,-0.016658912
2014/10/10,35.083424,0.003406515
2014/10/13,35.20314,0.005998058
2014/10/14,35.414925,-0.004168845
2014/10/15,35.267593,-0.019510172
2014/10/16,34.586185,0.008219653
2014/10/17,34.871643,-0.001850003
2014/10/20,34.80719,0.014445345
2014/10/21,35.313641,-0.018687219
2014/10/22,34.659855,0.015553182
2014/10/23,35.20314,0.012994016
2014/10/24,35.663555,-0.007776244
2014/10/27,35.387302,0.005708441
2014/10/28,35.589886,-0.001812634
2014/10/29,35.525433,-0.002075879
2014/10/30,35.451763,0.014184558
2014/10/31,35.958214,-0.001537632
2014/11/3,35.902966,0.003584497
2014/11/4,36.031891,0.004080348
2014/11/5,36.179214,0.013148322
2014/11/6,36.658051,0.003259912
2014/11/7,36.777748,0.012688081
2014/11/10,37.24736,0.000494758
2014/11/11,37.265793,-0.008188013
2014/11/12,36.961906,0.014346393
2014/11/13,37.495998,0.002942461
2014/11/14,37.606491,0.007804892
2014/11/17,37.901154,0.00242661
2014/11/18,37.993237,-0.008274554
2014/11/19,37.680157,0
2014/11/20,37.680157,0.012627527
2014/11/21,38.158981,-0.000241257
2014/11/24,38.149776,-0.00678133
2014/11/25,37.891945,0.017345862
2014/11/26,38.554947,0.012814512
2014/11/28,39.052189,-0.007811789
2014/12/1,38.74831,0.002373826
2014/12/2,38.840401,-0.002848953
2014/12/3,38.729904,-0.004050028
2014/12/4,38.573364,0.000954271
2014/12/5,38.610191,-0.013445607
2014/12/8,38.094528,0.012013769
2014/12/9,38.554947,-0.022950802
2014/12/10,37.680157,-0.003917813
2014/12/11,37.532822,-0.020072342
2014/12/12,36.786961,0.028622516
2014/12/15,37.85511,-0.011744425
2014/12/16,37.413124,0.012960008
2014/12/17,37.901154,0.096943183
2014/12/18,41.759407,0.014231334
2014/12/19,42.357948,-0.007637677
2014/12/22,42.035664,0.007854873
2014/12/23,42.367149,0.00477014
2014/12/24,42.569729,-0.002815771
2014/12/26,42.450031,-0.010686001
2014/12/29,41.998825,-0.005937448
2014/12/30,41.750198,-0.008193967
2014/12/31,41.409496,-0.01433388
2015/1/2,40.820171,-0.014123487
2015/1/5,40.2477,-0.010376777
2015/1/6,39.832218,0.000231545
2015/1/7,39.841442,0.006007379
2015/1/8,40.081505,-0.000460643
2015/1/9,40.063046,-0.002769422
2015/1/12,39.952248,-0.00788869
2015/1/13,39.638317,0.00302363
2015/1/14,39.75835,-0.010036274
2015/1/15,39.36132,0.02043233
2015/1/16,40.173836,0.008923611
2015/1/20,40.533936,-0.009383394
2015/1/21,40.155369,0.012794632
2015/1/22,40.672443,0.003172887
2015/1/23,40.801697,-0.006584125
2015/1/26,40.533936,-0.011454801
2015/1/27,40.072277,-0.016494708
2015/1/28,39.416718,0.003974033
2015/1/29,39.573673,-0.022891405
2015/1/30,38.678066,0.018683027
2015/2/2,39.407482,0.008399697
2015/2/3,39.739887,-0.01451014
2015/2/4,39.167419,0.017294141
2015/2/5,39.850677,-0.004179341
2015/2/6,39.684475,0.009724695
2015/2/9,40.072277,0.01350291
2015/2/10,40.617039,-0.014425019
2015/2/11,40.035343,0.012149223
2015/2/12,40.524708,0.00091098
2015/2/13,40.561642,-0.002051008
2015/2/17,40.478535,0.00591328
2015/2/18,40.718605,0.000226873
2015/2/19,40.727844,-0.007737954
2015/2/20,40.41391,0.000228385
2015/2/23,40.423141,0.002281335
2015/2/24,40.515465,-0.003424032
2015/2/25,40.376976,0.003652141
2015/2/26,40.524708,-0.001595979
2015/2/27,40.460083,0.004780759
2015/3/2,40.653976,-0.014872842
2015/3/3,40.05381,0.005287887
2015/3/4,40.266171,0.004347469
2015/3/5,40.441608,-0.032957121
2015/3/6,39.130493,0.007288006
2015/3/9,39.416718,-0.020590001
2015/3/10,38.613426,-0.008404171
2015/3/11,38.290272,0.003610373
2015/3/12,38.428764,0.018095793
2015/3/13,39.130493,0.024012971
2015/3/16,40.081505,-0.012517496
2015/3/17,39.582912,0.028967798
2015/3/18,40.746311,0.000679364
2015/3/19,40.774002,0.005645265
2015/3/20,41.004833,-0.003609301
2015/3/23,40.857101,-0.012278484
2015/3/24,40.358505,-0.018005902
2015/3/25,39.638317,0.001396788
2015/3/26,39.693722,-0.008174913
2015/3/27,39.370552,0.018587783
2015/3/30,40.109207,-0.006698282
2015/3/31,39.841442,-0.004878698
2015/4/1,39.647541,-0.00398044
2015/4/2,39.49004,0.007945577
2015/4/6,39.805061,0
2015/4/7,39.805061,0.00348556
2015/4/8,39.944046,0.002085569
2015/4/9,40.027439,0.007150253
2015/4/10,40.314671,-0.009931788
2015/4/13,39.916256,-0.008157769
2015/4/14,39.591953,0.029061235
2015/4/15,40.759426,-0.01212135
2015/4/16,40.268349,-0.010640805
2015/4/17,39.842133,0.007414042
2015/4/20,40.138622,0.002305715
2015/4/21,40.231277,0.002989466
2015/4/22,40.351727,-0.003680461
2015/4/23,40.203487,-0.007170074
2015/4/24,39.916256,0.012227545
2015/4/27,40.40733,0.020202868
2015/4/28,41.231976,0.005155105
2015/4/29,41.44508,-0.025128709
2015/4/30,40.416595,0.01704759
2015/5/1,41.111507,0.00494631
2015/5/4,41.315361,-0.015140019
2015/5/5,40.694557,-0.015140997
2015/5/6,40.083042,0.005072332
2015/5/7,40.286873,0.012115712
2015/5/8,40.777946,-0.003870057
2015/5/11,40.620438,-0.006178013
2015/5/12,40.370258,0.005036803
2015/5/13,40.574108,0.013383582
2015/5/14,41.120785,-0.005196062
2015/5/15,40.907673,0.002036296
2015/5/18,40.991058,0.001806834
2015/5/19,41.065189,-0.000677226
2015/5/20,41.037388,-0.000225917
2015/5/21,41.028118,-0.007935617
2015/5/22,40.703823,-0.013752083
2015/5/26,40.147892,0.01852108
2015/5/27,40.898403,-0.006363484
2015/5/28,40.638973,-0.008471775
2015/5/29,40.296143,0.006874372
2015/6/1,40.574108,-0.002057243
2015/6/2,40.490723,0.006159297
2015/6/3,40.740887,-0.004558804
2015/6/4,40.55558,0.000913095
2015/6/5,40.592628,-0.01633885
2015/6/8,39.93478,-0.000696227
2015/6/9,39.906986,0.019998438
2015/6/10,40.713097,0.007707802
2015/6/11,41.028118,0.001354153
2015/6/12,41.083714,-0.014081422
2015/6/15,40.509251,0.02082465
2015/6/16,41.361687,0.006030157
2015/6/17,41.611858,-0.049525274
2015/6/18,39.601219,-0.027275673
2015/6/19,38.535667,-0.002406979
2015/6/22,38.443024,0.005288229
2015/6/23,38.646858,-0.012302623
2015/6/24,38.174313,-0.003403857
2015/6/25,38.044594,-0.001706138
2015/6/26,37.97974,-0.01400324
2015/6/29,37.451607,-0.002973555
2015/6/30,37.340408,-0.001489872
2015/7/1,37.284817,0.002977661
2015/7/2,37.396004,-0.001493306
2015/7/6,37.340202,0.000248843
2015/7/7,37.349495,-0.009758163
2015/7/8,36.986805,0.010256252
2015/7/9,37.368103,0.004469965
2015/7/10,37.535511,0.010842761
2015/7/13,37.944714,-0.000490333
2015/7/14,37.926113,0.000245394
2015/7/15,37.935421,0.004158739
2015/7/16,38.093513,-0.013766069
2015/7/17,37.572708,-0.011701831
2015/7/20,37.135601,-0.009056711
2015/7/21,36.800793,-0.003797991
2015/7/22,36.661289,-0.010711619
2015/7/23,36.270683,0
2015/7/24,36.270683,-0.012643766
2015/7/27,35.814972,0.019797661
2015/7/28,36.53109,0.012900115
2015/7/29,37.005398,-0.003524691
2015/7/30,36.875195,0.00728762
2015/7/31,37.144909,-0.005775416
2015/8/3,36.931,-0.001259735
2015/8/4,36.884506,-0.000504811
2015/8/5,36.865891,-0.008105699
2015/8/6,36.568275,0.00608548
2015/8/7,36.791489,0.008307085
2015/8/10,37.098392,-0.018214422
2015/8/11,36.428783,0.002804475
2015/8/12,36.53109,0.000763359
2015/8/13,36.558987,0.002540659
2015/8/14,36.651989,0.007835399
2015/8/17,36.9403,0.002765587
2015/8/18,37.042603,-0.007560675
2015/8/19,36.763592,-0.023030735
2015/8/20,35.926575,-0.028355774
2015/8/21,34.922157,-0.039934572
2015/8/24,33.555035,-0.01761544
2015/8/25,32.969124,0.040359389
2015/8/26,34.326954,-0.002441704
2015/8/27,34.24324,0.017232747
2015/8/28,34.838459,-0.009926378
2015/8/31,34.49435,-0.029550895
2015/9/1,33.489925,0.020341699
2015/9/2,34.178143,0.004073336
2015/9/3,34.317646,-0.017220597
2015/9/4,33.731735,0.03813862
2015/9/8,35.043064,-0.015782163
2015/9/9,34.49435,0.013922664
2015/9/10,34.977962,0.00820855
2015/9/11,35.266262,-0.009538958
2015/9/14,34.931458,0.011383354
2015/9/15,35.331367,0.007343166
2015/9/16,35.591766,-0.040799909
2015/9/17,34.16885,-0.009847191
2015/9/18,33.834034,0.012293533
2015/9/21,34.252541,-0.017530008
2015/9/22,33.657326,-0.005541313
2015/9/23,33.471336,0.00194288
2015/9/24,33.53643,-0.00027723
2015/9/25,33.527134,-0.017065837
2015/9/28,32.95982,0.001973124
2015/9/29,33.024918,0.017032363
2015/9/30,33.592228,0.003316898
2015/10/1,33.703835,0.017777019
2015/10/2,34.308346,0.018797653
2015/10/5,34.959362,0.003717378
2015/10/6,35.089561,-0.001857118
2015/10/7,35.024456,0.006089071
2015/10/8,35.238373,0.009493177
2015/10/9,35.57449,-0.001575937
2015/10/12,35.518471,-0.005800202
2015/10/13,35.313053,-0.014917621
2015/10/14,34.790176,0.00775307
2015/10/15,35.060955,-0.004804891
2015/10/16,34.892895,-0.013470292
2015/10/19,34.426029,-0.000271169
2015/10/20,34.416695,-0.00653252
2015/10/21,34.1926,0.031450087
2015/10/22,35.285049,0.007382197
2015/10/23,35.546494,0.007849188
2015/10/26,35.826603,-0.000782155
2015/10/27,35.798592,0.013986283
2015/10/28,36.302799,-0.0005145
2015/10/29,36.284126,-0.000514655
2015/10/30,36.265457,0.02315904
2015/11/2,37.115131,0.011257013
2015/11/3,37.535297,0.006941059
2015/11/4,37.796738,-0.00321645
2015/11/5,37.675362,0.00666893
2015/11/6,37.927456,-0.012884323
2015/11/9,37.441921,-0.004498548
2015/11/10,37.273865,-0.022290872
2015/11/11,36.45219,-0.010557704
2015/11/12,36.069363,-0.035035669
2015/11/13,34.82753,0.021745824
2015/11/16,35.593178,0.000262207
2015/11/17,35.602512,0.014838173
2015/11/18,36.134727,0.008234696
2015/11/19,36.433514,0.008167602
2015/11/20,36.732307,-0.005097212
2015/11/23,36.545551,0.0081428
2015/11/24,36.844349,-0.005081154
2015/11/25,36.657612,-0.002039855
2015/11/27,36.582912,-0.005374268
2015/11/30,36.386833,0.006649706
2015/12/1,36.629601,-0.013602314
2015/12/2,36.134727,-0.023265972
2015/12/3,35.303722,0.035082207
2015/12/4,36.564236,-0.008720248
2015/12/7,36.246773,-0.002321077
2015/12/8,36.162739,-0.003880484
2015/12/9,36.022682,-0.010160266
2015/12/10,35.658535,-0.02599614
2015/12/11,34.743496,0.011755237
2015/12/14,35.154324,0.014764427
2015/12/15,35.677208,0.018154116
2015/12/16,36.330811,-0.052227096
2015/12/17,34.482056,-0.01583014
2015/12/18,33.940498,0.001924018
2015/12/21,34.005863,0.00465663
2015/12/22,34.164585,0.009249492
2015/12/23,34.482056,0.002163741
2015/12/24,34.556747,-0.00596196
2015/12/28,34.351334,0.006772443
2015/12/29,34.584766,-0.003245097
2015/12/30,34.472717,-0.01061941
2015/12/31,34.108574,-0.017468986
2016/1/4,33.517906,-0.003081726
2016/1/5,33.414772,0.005037691
2016/1/6,33.58353,-0.022015776
2016/1/7,32.852242,-0.011192788
2016/1/8,32.486584,0.008334534
2016/1/11,32.758476,0.012231596
2016/1/12,33.161625,-0.037153018
2016/1/13,31.952177,0.020619276
2016/1/14,32.617847,-0.019446429
2016/1/15,31.989674,0.012523692
2016/1/19,32.392822,-0.01781336
2016/1/20,31.820906,0.005289668
2016/1/21,31.989674,0.019733746
2016/1/22,32.62722,-0.013306614
2016/1/25,32.195938,0.025587449
2016/1/26,33.03038,-0.009124962
2016/1/27,32.73035,0.011959359
2016/1/28,33.124134,0.027360705
2016/1/29,34.042946,0.000275291
2016/2/1,34.052319,-0.027070254
2016/2/2,33.142879,0.009571916
2016/2/3,33.461643,0.021071234
2016/2/4,34.174202,-0.020790713
2016/2/5,33.471031,-0.002524319
2016/2/8,33.386646,-0.014995366
2016/2/9,32.889736,0.003415017
2016/2/10,33.002247,-0.010280084
2016/2/11,32.664719,0.019892803
2016/2/12,33.321018,0.004491949
2016/2/16,33.471031,0.025716526
2016/2/17,34.342953,0
2016/2/18,34.342953,0.004086569
2016/2/19,34.483585,0.00893266
2016/2/22,34.792995,-0.015205383
2016/2/23,34.267956,0.002186155
2016/2/24,34.342953,0.017857762
2016/2/25,34.96175,-0.008889033
2016/2/26,34.652351,-0.00488216
2016/2/29,34.483585,0.032369118
2016/3/1,35.61805,-0.006072889
2016/3/2,35.402401,0.003436876
2016/3/3,35.524284,0
2016/3/4,35.524284,0.012328139
2016/3/7,35.964943,-0.00548937
2016/3/8,35.768059,0.008612728
2016/3/9,36.07745,-0.011237447
2016/3/10,35.674301,0.023377595
2016/3/11,36.518105,-0.006439064
2016/3/14,36.283718,0.001033373
2016/3/15,36.321232,0.037491466
2016/3/16,37.708817,0.009650144
2016/3/17,38.074474,0.021196767
2016/3/18,38.890144,0.00312926
2016/3/21,39.012032,-0.005542988
2016/3/22,38.796387,-0.015341698
2016/3/23,38.205727,0.005383964
2016/3/24,38.41198,-0.00857945
2016/3/28,38.083836,0.001967822
2016/3/29,38.158852,0.006611628
2016/3/30,38.41198,-0.001465408
2016/3/31,38.355732,0.00609207
2016/4/1,38.590111,-0.002188809
2016/4/4,38.505737,-0.013235452
2016/4/5,37.999454,0.005413635
2016/4/6,38.205727,-0.019326699
2016/4/7,37.474426,0.009709946
2016/4/8,37.840073,0.000742904
2016/4/11,37.868195,0.004463409
2016/4/12,38.037594,0.021779831
2016/4/13,38.875134,-0.001695914
2016/4/14,38.809261,-0.005348753
2016/4/15,38.602234,0.005348753
2016/4/18,38.809261,-0.004374362
2016/4/19,38.639866,0.000973727
2016/4/20,38.677509,-0.002679949
2016/4/21,38.573994,-0.007100251
2016/4/22,38.301079,0.001963916
2016/4/25,38.376373,-0.003193017
2016/4/26,38.254032,0.004907941
2016/4/27,38.442242,-0.01281099
2016/4/28,37.9529,-0.011722438
2016/4/29,37.510597,0.01097808
2016/5/2,37.92466,-0.015504044
2016/5/3,37.341209,-0.009877306
2016/5/4,36.974194,-0.001528232
2016/5/5,36.917732,0.004577978
2016/5/6,37.087128,-0.001269764
2016/5/9,37.040066,0.016629425
2016/5/10,37.661171,-0.009288549
2016/5/11,37.312973,0.004278565
2016/5/12,37.472961,-0.005287839
2016/5/13,37.275333,0.009047532
2016/5/16,37.614113,-0.009300009
2016/5/17,37.265923,-0.003288346
2016/5/18,37.143581,-0.016090085
2016/5/19,36.55072,0.01456907
2016/5/20,37.087128,-0.005853246
2016/5/23,36.870682,0.018209823
2016/5/24,37.548241,0.005748006
2016/5/25,37.76469,-0.004495736
2016/5/26,37.595291,0.002999437
2016/5/27,37.708225,0.003238975
2016/5/31,37.830559,0.001491464
2016/6/1,37.887024,-0.040553085
2016/6/2,36.381325,0.011317108
2016/6/3,36.795395,0.008658091
2016/6/6,37.115356,-0.007891007
2016/6/7,36.823631,0.003825863
2016/6/8,36.964783,-0.005872485
2016/6/9,36.748344,-0.007970021
2016/6/10,36.456623,-0.003102682
2016/6/13,36.343685,0.005422913
2016/6/14,36.541309,-0.010094618
2016/6/15,36.174294,0.00518935
2016/6/16,36.362503,0.026559409
2016/6/17,37.341209,0.001259236
2016/6/20,37.38826,0.006522926
2016/6/21,37.632938,0.000499809
2016/6/22,37.651752,0.020287578
2016/6/23,38.423416,-0.039975088
2016/6/24,36.917732,-0.019303162
2016/6/27,36.211937,0.01675097
2016/6/28,36.823631,0.035646462
2016/6/29,38.159939,0.009327188
2016/6/30,38.517529,0.001959705
2016/7/1,38.593086,-0.011321695
2016/7/5,38.158611,0.003212666
2016/7/6,38.281399,0
2016/7/7,38.281399,0.008354043
2016/7/8,38.602543,-0.002204641
2016/7/11,38.517532,0.015572093
2016/7/12,39.122025,0.000965052
2016/7/13,39.159798,0.005052232
2016/7/14,39.358143,0.002397212
2016/7/15,39.452606,-0.003117221
2016/7/18,39.329815,-0.01353975
2016/7/19,38.800888,0.004129717
2016/7/20,38.961456,-0.004373169
2016/7/21,38.791443,0.000243452
2016/7/22,38.800888,0.00194533
2016/7/25,38.876442,-0.005359036
2016/7/26,38.668659,-0.000244491
2016/7/27,38.659206,0.006332212
2016/7/28,38.904781,-0.003648204
2016/7/29,38.763107,0.002676721
2016/8/1,38.867004,-0.010750142
2016/8/2,38.451416,0
2016/8/3,38.451416,0.004656201
2016/8/4,38.630871,0.005607806
2016/8/5,38.848114,0.000728933
2016/8/8,38.876442,-0.001458681
2016/8/9,38.819775,-0.000243153
2016/8/10,38.810337,0.004613137
2016/8/11,38.989788,-0.004613137
2016/8/12,38.810337,0.007274214
2016/8/15,39.093681,-0.001692549
2016/8/16,39.027569,-0.002665796
2016/8/17,38.923668,-0.001699974
2016/8/18,38.857555,0.00436577
2016/8/19,39.027569,-0.002422966
2016/8/22,38.933121,0.006769631
2016/8/23,39.197578,-0.010415278
2016/8/24,38.791443,0.000730101
2016/8/25,38.819775,0.003885458
2016/8/26,38.970901,0.001211094
2016/8/29,39.018127,0
2016/8/30,39.018127,-0.002181005
2016/8/31,38.933121,-0.001456865
2016/9/1,38.876442,0.002184387
2016/9/2,38.961456,0
2016/9/6,38.961456,0
2016/9/7,38.961456,-0.012931905
2016/9/8,38.460854,-0.017089993
2016/9/9,37.809143,0.016107473
2016/9/12,38.423084,-0.012367498
2016/9/13,37.950813,0.001740844
2016/9/14,38.016937,0.01504137
2016/9/15,38.593086,-0.048643176
2016/9/16,36.760723,0.007933497
2016/9/19,37.053524,-0.004086737
2016/9/20,36.902405,0.011198684
2016/9/21,37.317986,0
2016/9/22,37.317986,-0.007111947
2016/9/23,37.053524,-0.005111178
2016/9/26,36.86462,0.006893845
2016/9/27,37.119637,0.003556204
2016/9/28,37.251877,-0.008146888
2016/9/29,36.949623,0.004081741
2016/9/30,37.10075,-0.007410176
2016/10/3,36.826843,-0.003082555
2016/10/4,36.713497,0.007177769
2016/10/5,36.977966,-0.007177769
2016/10/6,36.713497,-0.000258222
2016/10/7,36.704018,-0.002327766
2016/10/10,36.618679,-0.015920958
2016/10/11,36.040291,0.001051852
2016/10/12,36.07822,-0.000525829
2016/10/13,36.059254,0.009942546
2016/10/14,36.419563,-0.003129146
2016/10/17,36.305779,0.003389411
2016/10/18,36.429043,-0.001823725
2016/10/19,36.362667,-0.006802593
2016/10/20,36.116146,-0.004209267
2016/10/21,35.964443,0.008923724
2016/10/24,36.286816,0.002348892
2016/10/25,36.37215,-0.001304072
2016/10/26,36.324749,-0.002352099
2016/10/27,36.23941,-0.001309073
2016/10/28,36.192001,0.006528214
2016/10/31,36.429043,0.001040441
2016/11/1,36.466965,-0.011243252
2016/11/2,36.059254,0.00733577
2016/11/3,36.324749,-0.00078363
2016/11/4,36.296295,0.020939301
2016/11/7,37.064327,0.001022941
2016/11/8,37.102261,0.010676035
2016/11/9,37.500488,0.000758183
2016/11/10,37.528931,-0.003289832
2016/11/11,37.40567,-0.003809639
2016/11/14,37.263439,-0.003313283
2016/11/15,37.140179,0.013439988
2016/11/16,37.642712,0.013758933
2016/11/17,38.164215,-0.009736877
2016/11/18,37.794418,0.000752394
2016/11/21,37.822865,0.005001371
2016/11/22,38.012505,0.000249334
2016/11/23,38.021984,0.004230743
2016/11/25,38.183186,0.000744318
2016/11/28,38.211617,0.006184708
2016/11/29,38.448677,-0.008918029
2016/11/30,38.107315,-0.037778452
2016/12/1,36.694534,-0.005181473
2016/12/2,36.504894,0.012133901
2016/12/5,36.950539,0.012748889
2016/12/6,37.424633,0.021306778
2016/12/7,38.230587,0.000743787
2016/12/8,38.259033,0.004204272
2016/12/9,38.420223,-0.000246854
2016/12/12,38.41074,0.006152356
2016/12/13,38.647785,0.002939724
2016/12/14,38.761566,-0.000489522
2016/12/15,38.742596,-0.044028957
2016/12/16,37.073807,-0.005128329
2016/12/19,36.884167,0.002567506
2016/12/20,36.978989,-0.00436849
2016/12/21,36.817799,0.003342246
2016/12/22,36.941059,-0.00463085
2016/12/23,36.770386,0.001030978
2016/12/27,36.808315,-0.003612878
2016/12/28,36.675571,0.000258558
2016/12/29,36.685055,-0.006222664
2016/12/30,36.457485,0.006506391
2017/1/3,36.695465,0.004916541
2017/1/4,36.876324,-0.002584723
2017/1/5,36.781132,-0.004929297
2017/1/6,36.600273,0.014971973
2017/1/9,37.152374,-0.009525072
2017/1/10,36.800175,0.011572722
2017/1/11,37.228527,0.002298361
2017/1/12,37.31419,0.001529454
2017/1/13,37.371304,-0.004083592
2017/1/17,37.219006,0.002299136
2017/1/18,37.304676,0.000510047
2017/1/19,37.323708,0.016692659
2017/1/20,37.951969,-0.004777047
2017/1/23,37.771103,0.01052887
2017/1/24,38.170891,0.00124643
2017/1/25,38.218498,-0.000498181
2017/1/26,38.199463,0.002488481
2017/1/27,38.29464,0
2017/1/30,38.29464,-0.00298712
2017/1/31,38.18042,-0.006754457
2017/2/1,37.923401,0.003507924
2017/2/2,38.056667,0.011192789
2017/2/3,38.48502,-0.008195865
2017/2/6,38.170891,-0.000748127
2017/2/7,38.142345,-0.00124871
2017/2/8,38.094746,0.005233566
2017/2/9,38.29464,0.013824203
2017/2/10,38.827709,0.007327654
2017/2/13,39.11327,0.000243289
2017/2/14,39.122787,0.007514258
2017/2/15,39.417873,0.004337567
2017/2/16,39.589222,0.011237376
2017/2/17,40.03661,0.004980258
2017/2/21,40.2365,0.005661821
2017/2/22,40.464958,0.010530139
2017/2/23,40.893311,0.004876178
2017/2/24,41.093201,-0.010946656
2017/2/27,40.645821,-0.002579481
2017/2/28,40.541111,0.007718346
2017/3/1,40.855232,-0.000699029
2017/3/2,40.826683,-0.004674132
2017/3/3,40.636299,-0.002815017
2017/3/6,40.522068,0.000704479
2017/3/7,40.550625,0.000234691
2017/3/8,40.560143,-0.003997611
2017/3/9,40.398323,0.005639304
2017/3/10,40.626785,-0.002345834
2017/3/13,40.531593,0.004919784
2017/3/14,40.731491,0.006057651
2017/3/15,40.978977,0.060392279
2017/3/16,43.530048,-0.00153177
2017/3/17,43.463421,-0.009461968
2017/3/20,43.054111,-0.008659981
2017/3/21,42.682873,-0.00111573
2017/3/22,42.635277,0.003565654
2017/3/23,42.787571,-0.0066962
2017/3/24,42.502014,0.004246276
2017/3/27,42.682873,-0.003351025
2017/3/28,42.540081,-0.003810912
2017/3/29,42.378273,0.003587145
2017/3/30,42.530563,-0.00156789
2017/3/31,42.463932,0
2017/4/3,42.463932,-0.000448269
2017/4/4,42.444901,-0.002245427
2017/4/5,42.349701,-0.00699204
2017/4/6,42.054623,0.002486644
2017/4/7,42.159328,-0.002270163
2017/4/10,42.063728,0.003856264
2017/4/11,42.22625,0.00022635
2017/4/12,42.235809,-0.004082614
2017/4/13,42.063728,0.006569444
2017/4/17,42.340973,0.00517943
2017/4/18,42.560844,-0.007440032
2017/4/19,42.245365,0.007664626
2017/4/20,42.570404,-0.002248029
2017/4/21,42.474812,0.009185552
2017/4/24,42.866764,-0.002679693
2017/4/25,42.752048,-0.000671304
2017/4/26,42.723358,0.001788801
2017/4/27,42.79985,0.004234727
2017/4/28,42.98148,0.001999884
2017/5/1,43.067524,0.001774264
2017/5/2,43.144005,-0.005332358
2017/5/3,42.914558,0.012838029
2017/5/4,43.469048,0.002416248
2017/5/5,43.574207,-0.000439118
2017/5/8,43.555077,-0.001757412
2017/5/9,43.4786,0.00109865
2017/5/10,43.526394,-0.00815944
2017/5/11,43.172688,-0.00177327
2017/5/12,43.096199,0.005309851
2017/5/15,43.325642,-0.000662252
2017/5/16,43.296959,-0.023682932
2017/5/17,42.283607,-0.001357404
2017/5/18,42.22625,0.003164533
2017/5/19,42.360088,0.007195846
2017/5/22,42.666004,-0.001569529
2017/5/23,42.599091,0.006041024
2017/5/24,42.857212,0.008219348
2017/5/25,43.210922,0.001326516
2017/5/26,43.26828,0.003528873
2017/5/30,43.421238,-0.000660701
2017/5/31,43.392559,0.008773898
2017/6/1,43.774956,-0.002843173
2017/6/2,43.650673,0.005678194
2017/6/5,43.899235,-0.006773714
2017/6/6,43.602879,-0.004614846
2017/6/7,43.402122,0.000440342
2017/6/8,43.421238,-0.008623589
2017/6/9,43.048401,-0.004005395
2017/6/12,42.87632,0.002894354
2017/6/13,43.000599,-0.003786502
2017/6/14,42.838085,-0.002905444
2017/6/15,42.713802,0.009134508
2017/6/16,43.105759,0.014094022
2017/6/19,43.717594,0.002402642
2017/6/20,43.822758,0.010632537
2017/6/21,44.291191,0.082215394
2017/6/22,48.086487,0.012839663
2017/6/23,48.707882,-0.00176795
2017/6/26,48.621845,-0.002165156
2017/6/27,48.516685,0.002361592
2017/6/28,48.631397,-0.013258212
2017/6/29,47.990887,-0.001195733
2017/6/30,47.933537,-0.015678855
2017/7/3,47.187855,0.002023726
2017/7/5,47.283447,-0.012409731
2017/7/6,46.700298,0.010183389
2017/7/7,47.178295,0.00545629
2017/7/10,47.436417,0.005226134
2017/7/11,47.684975,0.011362574
2017/7/12,48.229889,-0.001983995
2017/7/13,48.134296,0.004162012
2017/7/14,48.335049,0.001388607
2017/7/17,48.402214,0.000198422
2017/7/18,48.411819,0.010842866
2017/7/19,48.939598,0.002545776
2017/7/20,49.064346,-0.006475075
2017/7/21,48.747677,-0.000787712
2017/7/24,48.709293,0.008044719
2017/7/25,49.102726,0
2017/7/26,49.102726,-0.014170574
2017/7/27,48.411819,-0.002977815
2017/7/28,48.267872,-0.007382991
2017/7/31,47.912823,0.004595852
2017/8/1,48.13353,-0.007805358
2017/8/2,47.759293,0.009200002
2017/8/3,48.200706,-0.005389898
2017/8/4,47.941608,-0.006425705
2017/8/7,47.634537,-0.010937948
2017/8/8,47.116352,-0.000814826
2017/8/9,47.077976,-0.019762078
2017/8/10,46.15675,0.002906506
2017/8/11,46.2911,0.012565699
2017/8/14,46.87645,-0.000409415
2017/8/15,46.857262,0.008564533
2017/8/16,47.260296,-0.014315067
2017/8/17,46.588581,0.001440624
2017/8/18,46.655746,0.00574245
2017/8/21,46.924435,0.007334891
2017/8/22,47.269886,-0.003864458
2017/8/23,47.087566,0.00244248
2017/8/24,47.202717,0.001016141
2017/8/25,47.250706,0
2017/8/28,47.250706,0.004255567
2017/8/29,47.452213,0.007052885
2017/8/30,47.788071,0.010586463
2017/8/31,48.296665,0.005745476
2017/9/1,48.574951,0.006105345
2017/9/5,48.872425,0.001569531
2017/9/6,48.949192,0.014016153
2017/9/7,49.640102,-0.002903803
2017/9/8,49.496166,0.017488795
2017/9/11,50.369408,0.005320014
2017/9/12,50.638088,0.000568225
2017/9/13,50.66687,-0.000189293
2017/9/14,50.65728,-0.07982163
2017/9/15,46.770905,-0.008447756
2017/9/18,46.37746,-0.006018446
2017/9/19,46.099178,-0.001458117
2017/9/20,46.032009,0
2017/9/21,46.032009,0.003952899
2017/9/22,46.214329,-0.003952899
2017/9/25,46.032009,-0.001042971
2017/9/26,45.984024,0.00499587
2017/9/27,46.214329,-0.001662338
2017/9/28,46.137569,0.005599824
2017/9/29,46.396656,0.009264006
2017/10/2,46.828472,-0.002256579
2017/10/3,46.722919,0.004303727
2017/10/4,46.924435,0.000204435
2017/10/5,46.934029,-0.01048189
2017/10/6,46.444641,-0.000826939
2017/10/9,46.40625,0.000830061
2017/10/10,46.444786,0.001450994
2017/10/11,46.512226,-0.001036049
2017/10/12,46.464062,0.007847752
2017/10/13,46.830135,0.005129854
2017/10/16,47.070984,0.006731285
2017/10/17,47.388901,0.007897195
2017/10/18,47.764622,-0.004649813
2017/10/19,47.543041,-0.002028346
2017/10/20,47.446705,0.001217636
2017/10/23,47.504513,0.013495985
2017/10/24,48.149979,-0.005617934
2017/10/25,47.880234,0.009013535
2017/10/26,48.313755,0.014451302
2017/10/27,49.017021,-0.003938482
2017/10/30,48.824348,0.004331738
2017/10/31,49.036301,-0.005121471
2017/11/1,48.785805,-0.00713428
2017/11/2,48.438992,-0.001990647
2017/11/3,48.342663,0.004374393
2017/11/6,48.554596,0.001784191
2017/11/7,48.641304,0.00098978
2017/11/8,48.689472,-0.026058625
2017/11/9,47.43708,0.001623086
2017/11/10,47.514137,0.001620856
2017/11/13,47.591213,-0.004056865
2017/11/14,47.398533,-0.007753384
2017/11/15,47.032455,0.007753384
2017/11/16,47.398533,-0.005298501
2017/11/17,47.148056,0.001633346
2017/11/20,47.225128,-0.007987773
2017/11/21,46.849407,-0.001028503
2017/11/22,46.801247,0.008812211
2017/11/24,47.215492,-0.002655958
2017/11/27,47.090256,0.002655958
2017/11/28,47.215492,-0.010048155
2017/11/29,46.743439,0.011068063
2017/11/30,47.263672,0.011148371
2017/12/1,47.793533,-0.024692743
2017/12/4,46.627831,-0.008507118
2017/12/5,46.232845,0.008920263
2017/12/6,46.647099,0.002063165
2017/12/7,46.743439,0.022014482
2017/12/8,47.783882,0.01738854
2017/12/11,48.62204,-0.001586465
2017/12/12,48.544964,-0.006770281
2017/12/13,48.217411,0.002793342
2017/12/14,48.352287,-0.038384148
2017/12/15,46.531494,-0.012290625
2017/12/18,45.963093,0.002303022
2017/12/19,46.069069,0.001671482
2017/12/20,46.146137,-0.013028183
2017/12/21,45.548836,0.001690556
2017/12/22,45.625904,0.001477016
2017/12/26,45.693344,-0.001054802
2017/12/27,45.645172,0.00295061
2017/12/28,45.780052,-0.005063381
2017/12/29,45.548836,-0.013843125
2018/1/2,44.922642,0.022896805
2018/1/3,45.963093,0.009803023
2018/1/4,46.415886,0.006001189
2018/1/5,46.695274,0.010466909
2018/1/8,47.186596,0.005518667
2018/1/9,47.447723,-0.005313842
2018/1/10,47.196262,0.003069109
2018/1/11,47.341335,0.01137529
2018/1/12,47.882931,0.001614574
2018/1/16,47.960304,0.013619136
2018/1/17,48.61795,-0.000795928
2018/1/18,48.579269,0.006943788
2018/1/19,48.917767,0.002566812
2018/1/22,49.043491,0.008052701
2018/1/23,49.440018,0.006434671
2018/1/24,49.759174,0.002911181
2018/1/25,49.904243,0.022042159
2018/1/26,51.016453,-0.015474674
2018/1/29,50.233067,-0.019048099
2018/1/30,49.285278,0.012286824
2018/1/31,49.894573,0.000775115
2018/2/1,49.933262,-0.029483229
2018/2/2,48.482559,-0.041545511
2018/2/5,46.509594,0.026876173
2018/2/6,47.776543,-0.0107866
2018/2/7,47.263966,-0.042426188
2018/2/8,45.300678,0.018822537
2018/2/9,46.161427,0.008760978
2018/2/12,46.567623,0.007036465
2018/2/13,46.89645,0.019604403
2018/2/14,47.824898,0.023779753
2018/2/15,48.975792,0.001381341
2018/2/16,49.043491,-0.016302467
2018/2/20,48.250443,-0.009263121
2018/2/21,47.805557,0.003231781
2018/2/22,47.960304,0.018184109
2018/2/23,48.840397,0.013180056
2018/2/26,49.488377,-0.008636072
2018/2/27,49.062832,-0.001183449
2018/2/28,49.004803,-0.019127838
2018/3/1,48.076355,0.012196507
2018/3/2,48.666309,0.019093181
2018/3/5,49.604431,0.004085993
2018/3/6,49.807529,0.004262806
2018/3/7,50.020302,0.007896204
2018/3/8,50.416836,0.015985003
2018/3/9,51.229225,-0.001322366
2018/3/12,51.161526,-0.006067584
2018/3/13,50.852039,-0.004957063
2018/3/14,50.600586,0.000955165
2018/3/15,50.648941,-0.001911243
2018/3/16,50.552231,-0.006140941
2018/3/19,50.242744,-0.099070805
2018/3/20,45.503777,-0.000637755
2018/3/21,45.474766,-0.024326008
2018/3/22,44.381893,-0.024262325
2018/3/23,43.318043,0.037037287
2018/3/26,44.952507,-0.023950628
2018/3/27,43.888657,-0.008853564
2018/3/28,43.501801,0.016973978
2018/3/29,44.246502,-0.016307147
2018/4/2,43.530819,-0.002669672
2018/4/3,43.414761,0.013716923
2018/4/4,44.014381,0.009839542
2018/4/5,44.4496,-0.024893909
2018/4/6,43.356735,0.001560155
2018/4/9,43.424431,0.020282913
2018/4/10,44.314198,-0.004593784
2018/4/11,44.111095,0.005902508
2018/4/12,44.372231,0.00434947
2018/4/13,44.565647,0.003480568
2018/4/16,44.721031,0.013159684
2018/4/17,45.313435,0.00896099
2018/4/18,45.721313,-0.005537938
2018/4/19,45.468811,-0.012681567
2018/4/20,44.895836,-0.009344768
2018/4/23,44.478249,-0.005912709
2018/4/24,44.216038,0.004820478
2018/4/25,44.429695,0.004579626
2018/4/26,44.633633,-0.009400104
2018/4/27,44.216038,0.003070162
2018/4/30,44.351997,0.006112392
2018/5/1,44.623924,-0.009621971
2018/5/2,44.196613,-0.009937026
2018/5/3,43.759605,0.014322236
2018/5/4,44.39085,0.007844848
2018/5/7,44.740459,-0.002825842
2018/5/8,44.614208,0.013835043
2018/5/9,45.235737,0.007485991
2018/5/10,45.575642,-0.002346789
2018/5/11,45.468811,0
2018/5/14,45.468811,-0.000213532
2018/5/15,45.459103,-0.001710559
2018/5/16,45.381409,-0.004074049
2018/5/17,45.196899,-0.004738458
2018/5/18,44.983242,0.019031894
2018/5/21,45.847557,-0.01795303
2018/5/22,45.031799,0.011365095
2018/5/23,45.546509,-0.009426059
2018/5/24,45.119202,0.011555917
2018/5/25,45.64362,-0.015870007
2018/5/29,44.924973,0.01693327
2018/5/30,45.692177,-0.007038539
2018/5/31,45.3717,0.013394444
2018/6/1,45.983517,-0.000633667
2018/6/4,45.954388,-0.004023391
2018/6/5,45.769867,0.013069255
2018/6/6,46.371971,-0.001467004
2018/6/7,46.303993,0.01043203
2018/6/8,46.789566,0.000207397
2018/6/11,46.799271,0.005380923
2018/6/12,47.051773,-0.003722081
2018/6/13,46.876968,-0.05034525
2018/6/14,44.575359,0.008244975
2018/6/15,44.944401,0.005172429
2018/6/18,45.177475,-0.005388631
2018/6/19,44.934685,-0.077488549
2018/6/20,41.584248,0.006517704
2018/6/21,41.856167,0.022936814
2018/6/22,42.827309,0.004073294
2018/6/25,43.002113,0.002931647
2018/6/26,43.128365,-0.02185386
2018/6/27,42.196068,0.008935816
2018/6/28,42.574814,0.005005676
2018/6/29,42.788464,0.019998664
2018/7/2,43.65279,-0.005130175
2018/7/3,43.429417,0.015311399
2018/7/5,44.099499,0.012909275
2018/7/6,44.672482,0.015744831
2018/7/9,45.381409,0.005548487
2018/7/10,45.633907,0.013738006
2018/7/11,46.265152,0.01064829
2018/7/12,46.760429,0.009919516
2018/7/13,47.226578,0.000412754
2018/7/16,47.246075,0.009038744
2018/7/17,47.675056,-0.005331222
2018/7/18,47.421566,-0.004120277
2018/7/19,47.226578,0.001650144
2018/7/20,47.304573,0.003086687
2018/7/23,47.450813,0
2018/7/24,47.450813,0.005736587
2018/7/25,47.723801,-0.001635658
2018/7/26,47.645805,-0.004923108
2018/7/27,47.411816,-0.018680365
2018/7/30,46.534367,-0.001048291
2018/7/31,46.485611,-0.006945085
2018/8/1,46.163883,0.011548738
2018/8/2,46.700108,0.011829449
2018/8/3,47.255825,0.004117732
2018/8/6,47.450813,-0.003911429
2018/8/7,47.265575,-0.00185815
2018/8/8,47.17783,0.003094967
2018/8/9,47.32407,-0.004542562
2018/8/10,47.109585,-0.006436327
2018/8/13,46.807346,0.004571912
2018/8/14,47.021835,-0.008119114
2018/8/15,46.641605,0.005420068
2018/8/16,46.895092,0.005390849
2018/8/17,47.148579,0.001239778
2018/8/20,47.207069,-0.000206325
2018/8/21,47.19733,0.008023751
2018/8/22,47.577553,0.003273452
2018/8/23,47.733551,0.006108651
2018/8/24,48.026031,0.001420158
2018/8/27,48.094284,-0.01408623
2018/8/28,47.421566,0.005126608
2018/8/29,47.665302,-0.010486256
2018/8/30,47.168083,0.004125376
2018/8/31,47.363071,0
2018/9/4,47.363071,-0.011177862
2018/9/5,46.836601,-0.006893095
2018/9/6,46.514862,0.00209391
2018/9/7,46.612362,0.021724148
2018/9/10,47.636055,0.001227203
2018/9/11,47.69455,0.008548905
2018/9/12,48.104034,-0.007731515
2018/9/13,47.733551,0.005905615
2018/9/14,48.016281,-0.0014223
2018/9/17,47.948036,-0.003054545
2018/9/18,47.8018,0.008125005
2018/9/19,48.191772,0.020028772
2018/9/20,49.166725,0.013198272
2018/9/21,49.819942,0.00273608
2018/9/24,49.95644,0.009323997
2018/9/25,50.424412,-0.001741665
2018/9/26,50.336666,0.00116154
2018/9/27,50.395168,-0.002518231
2018/9/28,50.268421,0.004643932
2018/10/1,50.502407,-0.030777663
2018/10/2,48.971737,-0.009602077
2018/10/3,48.503757,-0.005643894
2018/10/4,48.230778,-0.002428805
2018/10/5,48.113777,0.00020279
2018/10/8,48.123535,-0.009976762
2018/10/9,47.645805,-0.030541516
2018/10/10,46.212627,-0.013166381
2018/10/11,45.608162,0.012744329
2018/10/12,46.193127,-0.001484352
2018/10/15,46.124611,0.023283615
2018/10/16,47.211159,-0.007701047
2018/10/17,46.84898,-0.010080051
2018/10/18,46.379112,0.004422525
2018/10/19,46.584679,0.00732763
2018/10/22,46.927288,0.001042474
2018/10/23,46.976234,-0.025964698
2018/10/24,45.772209,0.025339314
2018/10/25,46.946865,-0.013434285
2018/10/26,46.320385,-0.006359917
2018/10/29,46.026726,0.032432865
2018/10/30,47.543976,0.005543607
2018/10/31,47.808273,-0.005131841
2018/11/1,47.563557,0.004927086
2018/11/2,47.798485,0.003883472
2018/11/5,47.98447,0.004680962
2018/11/6,48.20961,0.020300142
2018/11/7,49.198273,0.003376769
2018/11/8,49.364685,0.003562938
2018/11/9,49.540882,-0.027849
2018/11/12,48.180252,0.005874565
2018/11/13,48.464123,-0.013625092
2018/11/14,47.808273,0.035994618
2018/11/15,49.560459,0.010609183
2018/11/16,50.089054,-0.032171221
2018/11/19,48.503273,-0.024929713
2018/11/20,47.309048,0.005982486
2018/11/21,47.592922,0.001644102
2018/11/23,47.671234,-0.009076072
2018/11/26,47.240524,-0.017137203
2018/11/27,46.437851,0.015685636
2018/11/28,47.172001,-0.00603588
2018/11/29,46.888134,0.017794761
2018/11/30,47.729965,0.021707017
2018/12/3,48.777367,-0.021912108
2018/12/4,47.720177,-0.043389387
2018/12/6,45.693905,-0.014674382
2018/12/7,45.028271,0.014459976
2018/12/10,45.684109,-0.004509727
2018/12/11,45.47855,0.018341359
2018/12/12,46.320385,-0.001903717
2018/12/13,46.232288,-0.013428819
2018/12/14,45.615593,-0.018845968
2018/12/17,44.763973,0.002620593
2018/12/18,44.881435,0.013001372
2018/12/19,45.468765,-0.004531288
2018/12/20,45.263199,-0.049655499
2018/12/21,43.070522,-0.030224983
2018/12/24,41.788193,0.04354491
2018/12/26,43.648056,0.008485944
2018/12/27,44.020027,-0.003341216
2018/12/28,43.873192,0.007335973
2018/12/31,44.196228,0.001549068
2019/1/2,44.264744,-0.009777784
2019/1/3,43.834042,0.042196629
2019/1/4,45.72327,0.015718212
2019/1/7,46.447636,0.009021454
2019/1/8,46.868557,-0.002090855
2019/1/9,46.770664,0.000836884
2019/1/10,46.809822,0.009780613
2019/1/11,47.269897,-0.002280517
2019/1/14,47.16222,0.008093789
2019/1/15,47.54549,-0.006636269
2019/1/16,47.23101,0.010761746
2019/1/17,47.742043,0.014103491
2019/1/18,48.420143,-0.006720363
2019/1/22,48.095833,0.006111258
2019/1/23,48.390659,-0.00081276
2019/1/24,48.351345,0.012121411
2019/1/25,48.940998,-0.00563833
2019/1/28,48.665829,0.001815786
2019/1/29,48.754276,0.015004738
2019/1/30,49.491337,-0.002584759
2019/1/31,49.363579,0.011480797
2019/2/1,49.933578,0.004320445
2019/2/4,50.14978,0.004106808
2019/2/5,50.356159,0.000390144
2019/2/6,50.375809,-0.020497288
2019/2/7,49.353752,0.016000336
2019/2/8,50.14978,0.003911579
2019/2/11,50.346329,-0.000195128
2019/2/12,50.336506,0.003897018
2019/2/13,50.533051,0.001166219
2019/2/14,50.592018,0.004651226
2019/2/15,50.827881,0.005783661
2019/2/19,51.122704,-0.004817395
2019/2/20,50.877018,0.006545992
2019/2/21,51.211151,0.007075259
2019/2/22,51.574768,0.001523247
2019/2/25,51.653389,0.000760745
2019/2/26,51.692699,-0.004191199
2019/2/27,51.476498,-0.004784284
2019/2/28,51.230808,0.007263002
2019/3/1,51.604252,-0.008990936
2019/3/4,51.142361,0.006130281
2019/3/5,51.456841,-0.000190994
2019/3/6,51.447014,0.004383868
2019/3/7,51.673046,0.003607015
2019/3/8,51.859768,-0.002086662
2019/3/11,51.751667,0.002654957
2019/3/12,51.889248,0.004912249
2019/3/13,52.144768,-0.000188627
2019/3/14,52.134933,-0.002075561
2019/3/15,52.026836,0.009774485
2019/3/18,52.537865,0.010790736
2019/3/19,53.107857,-0.026248145
2019/3/20,51.73201,0.026248145
2019/3/21,53.107857,-0.023781577
2019/3/22,51.859768,-0.000568618
2019/3/25,51.830288,0.010186835
2019/3/26,52.360973,-0.008860422
2019/3/27,51.899082,0.007169739
2019/3/28,52.272522,0.009728824
2019/3/29,52.783554,0.016068361
2019/4/1,53.63855,-0.007909656
2019/4/2,53.215961,-0.001663422
2019/4/3,53.127514,-0.004449373
2019/4/4,52.891655,0.002041734
2019/4/5,52.999756,-0.003901411
2019/4/8,52.793385,0.002045512
2019/4/9,52.901485,0.007065875
2019/4/10,53.276604,-0.003340791
2019/4/11,53.098915,0.013113125
2019/4/12,53.799793,0.002382485
2019/4/15,53.928123,-0.000732521
2019/4/16,53.888634,-0.00201704
2019/4/17,53.780048,0.000734018
2019/4/18,53.819538,0.001832468
2019/4/22,53.918251,0.005841533
2019/4/23,54.234138,0.004358879
2019/4/24,54.471054,-0.003085658
2019/4/25,54.303234,0.007245209
2019/4/26,54.698101,-0.005973332
2019/4/29,54.372345,0.004528582
2019/4/30,54.619133,-0.008166338
2019/5/1,54.174911,-0.005115071
2019/5/2,53.89851,0.003473777
2019/5/3,54.086067,0.001094526
2019/5/6,54.145298,-0.015618171
2019/5/7,53.306217,-0.000185136
2019/5/8,53.296349,0.004804081
2019/5/9,53.553005,0.007346206
2019/5/10,53.947865,-0.022576855
2019/5/13,52.743538,0.013016222
2019/5/14,53.434547,0.007912482
2019/5/15,53.859024,0.001465198
2019/5/16,53.937996,-0.002565545
2019/5/17,53.799793,-0.01553286
2019/5/20,52.970585,0.009459356
2019/5/21,53.47403,0.000553704
2019/5/22,53.503647,-0.020880691
2019/5/23,52.398037,-0.005857397
2019/5/24,52.092018,-0.019518451
2019/5/28,51.085121,-0.001160051
2019/5/29,51.025894,0.000580262
2019/5/30,51.055511,-0.021893029
2019/5/31,49.949898,-0.007139958
2019/6/3,49.594528,0.034816641
2019/6/4,51.351654,0.001536685
2019/6/5,51.430626,0.009361086
2019/6/6,51.914333,0.012659537
2019/6/7,52.575722,0.013983557
2019/6/10,53.316082,-0.00129681
2019/6/11,53.246986,-0.005950229
2019/6/12,52.931095,0.004094582
2019/6/13,53.14827,-0.010455618
2019/6/14,52.595467,-0.00281927
2019/6/17,52.447395,-0.00433844
2019/6/18,52.220348,-0.004167472
2019/6/19,52.003174,0.078640032
2019/6/20,56.257805,-0.015383695
2019/6/21,55.398975,0.010987312
2019/6/24,56.011017,-0.011878592
2019/6/25,55.349621,0.010467588
2019/6/26,55.932041,0.001939563
2019/6/27,56.04063,0.003516789
2019/6/28,56.23806,0.018090521
2019/7/1,57.264694,0.007727412
2019/7/2,57.708916,0.006818951
2019/7/3,58.103775,0.00711024
2019/7/5,58.518379,0.004208406
2019/7/8,58.765167,0.001175227
2019/7/9,58.83427,0.009185823
2019/7/10,59.377201,-0.002663487
2019/7/11,59.219261,-0.003005021
2019/7/12,59.041573,-0.004692541
2019/7/15,58.765167,-0.011535264
2019/7/16,58.09119,-0.0106347
2019/7/17,57.476681,0.002239113
2019/7/18,57.605522,-0.010029431
2019/7/19,57.030659,0.001042247
2019/7/22,57.09013,-0.002607595
2019/7/23,56.941456,0.011422784
2019/7/24,57.595615,0.003092775
2019/7/25,57.774021,0.003596201
2019/7/26,57.982162,-0.007549758
2019/7/29,57.546059,-0.009865914
2019/7/30,56.981106,-0.020916551
2019/7/31,55.801636,-0.007487943
2019/8/1,55.385357,-0.00071615
2019/8/2,55.345707,-0.037960838
2019/8/5,53.284115,0.003713417
2019/8/6,53.482349,-0.011556535
2019/8/7,52.867836,0.024262716
2019/8/8,54.166241,-0.013818699
2019/8/9,53.422882,-0.012132725
2019/8/12,52.778633,0.013430615
2019/8/13,53.492264,-0.031049641
2019/8/14,51.856869,0.005147242
2019/8/15,52.124477,0.018836457
2019/8/16,53.115623,0.005211226
2019/8/19,53.393143,-0.016659201
2019/8/20,52.511024,0.004895576
2019/8/21,52.768726,-0.000939634
2019/8/22,52.719166,-0.030736342
2019/8/23,51.123421,0.010606589
2019/8/26,51.668552,0.004975067
2019/8/27,51.926247,-0.008433994
2019/8/28,51.490143,0.004034198
2019/8/29,51.698284,-0.001918983
2019/8/30,51.599171,-0.00327088
2019/9/3,51.430672,0.020599662
2019/9/4,52.501114,0.016290935
2019/9/5,53.363411,-0.012710458
2019/9/6,52.68943,0.02562812
2019/9/9,54.057213,0.016908036
2019/9/10,54.978985,0.01467454
2019/9/11,55.791725,-0.043571998
2019/9/12,53.412968,-0.002601251
2019/9/13,53.274208,-0.011413702
2019/9/16,52.669609,-0.005093909
2019/9/17,52.401997,-0.005880679
2019/9/18,52.094742,0.015293418
2019/9/19,52.897572,0.001872
2019/9/20,52.996689,0.01023361
2019/9/23,53.541821,-0.012480404
2019/9/24,52.87775,0.009142678
2019/9/25,53.363411,0.00222635
2019/9/26,53.482349,0.00240629
2019/9/27,53.611198,0.017229162
2019/9/30,54.542877,-0.022605022
2019/10/1,53.323765,-0.012155339
2019/10/2,52.67952,0.013269999
2019/10/3,53.383236,0.023487308
2019/10/4,54.651905,-0.006185205
2019/10/7,54.314915,-0.013780686
2019/10/8,53.571552,0.013291677
2019/10/9,54.288361,0.017451871
2019/10/10,55.24411,0.024916662
2019/10/11,56.637901,-0.007587129
2019/10/14,56.209808,-0.001950172
2019/10/15,56.100296,-0.008375665
2019/10/16,55.632381,-0.014783065
2019/10/17,54.816013,-0.009305787
2019/10/18,54.308273,0.010576341
2019/10/21,54.885704,-0.018675019
2019/10/22,53.870224,0.000369505
2019/10/23,53.890133,0.002398692
2019/10/24,54.019554,-0.001660017
2019/10/25,53.929955,0.008638979
2019/10/28,54.397873,0.002923961
2019/10/29,54.557163,0.000911985
2019/10/30,54.606941,-0.006584938
2019/10/31,54.248539,0.009315986
2019/11/1,54.756279,0.00814853
2019/11/4,55.204285,0.003959614
2019/11/5,55.423306,0.000538834
2019/11/6,55.453178,0.005014279
2019/11/7,55.731934,0.0090692
2019/11/8,56.239677,-0.001062697
2019/11/11,56.179943,0.002831342
2019/11/12,56.339233,-0.006737648
2019/11/13,55.960915,-0.002137075
2019/11/14,55.84145,0.005866079
2019/11/15,56.169983,-0.004084904
2019/11/18,55.941002,0.001422755
2019/11/19,56.020649,-0.000533249
2019/11/20,55.990784,-0.000177849
2019/11/21,55.980827,0.002841416
2019/11/22,56.140118,0.003010243
2019/11/25,56.309368,-0.000884471
2019/11/26,56.259586,0.00176809
2019/11/27,56.359146,-0.008337161
2019/11/29,55.891224,-0.012727576
2019/12/2,55.184372,-0.015270235
2019/12/3,54.348095,-0.003302767
2019/12/4,54.168892,0.004950041
2019/12/5,54.437695,0.002739509
2019/12/6,54.587032,0.008716271
2019/12/9,55.064907,0.009178431
2019/12/10,55.572643,0.008739953
2019/12/11,56.060474,0.002837385
2019/12/12,56.219765,-0.035325396
2019/12/13,54.268448,-0.009585276
2019/12/16,53.750755,-0.021530383
2019/12/17,52.60585,0.010354968
2019/12/18,53.153412,-0.002813444
2019/12/19,53.004078,0.006739023
2019/12/20,53.36248,0.002050126
2019/12/23,53.471992,-0.005039646
2019/12/24,53.20319,0.002429701
2019/12/26,53.332615,-0.002055489
2019/12/27,53.223103,-0.014318213
2019/12/30,52.466473,0.005298948
2019/12/31,52.745228,
