Date,Adj Close,LN return
2012/1/3,17.82,-0.023851216
2012/1/4,17.4,0.006872879
2012/1/5,17.52,-0.002285715
2012/1/6,17.48,0.001714776
2012/1/9,17.51,-0.014960003
2012/1/10,17.25,-0.026433317
2012/1/11,16.799999,0.021202267
2012/1/12,17.16,0.000582581
2012/1/13,17.17,0.019037206
2012/1/17,17.5,0.070591646
2012/1/18,18.780001,-0.001065583
2012/1/19,18.76,0.002129873
2012/1/20,18.799999,-0.010695236
2012/1/23,18.6,0.036425298
2012/1/24,19.290001,0.050048349
2012/1/25,20.280001,0.011277344
2012/1/26,20.51,-0.004397759
2012/1/27,20.42,0.010231466
2012/1/30,20.629999,0.022052716
2012/1/31,21.09,-0.037685668
2012/2/1,20.309999,0.017086137
2012/2/2,20.66,-0.007774578
2012/2/3,20.5,-0.008327259
2012/2/6,20.33,0.012222103
2012/2/7,20.58,0.000485791
2012/2/8,20.59,-0.002918241
2012/2/9,20.530001,-0.023159547
2012/2/10,20.059999,0.000996562
2012/2/13,20.08,-0.019105608
2012/2/14,19.700001,0.010603432
2012/2/15,19.91,0.028714844
2012/2/16,20.49,-0.006364721
2012/2/17,20.360001,0
2012/2/21,20.360001,-0.019341143
2012/2/22,19.969999,-0.000500877
2012/2/23,19.959999,-0.004519114
2012/2/24,19.870001,-0.007577808
2012/2/27,19.719999,0.025038866
2012/2/28,20.219999,0.037850274
2012/2/29,21,-0.013905811
2012/3/1,20.709999,0.000482742
2012/3/2,20.719999,0.02619826
2012/3/5,21.27,0.000470082
2012/3/6,21.280001,-0.010867199
2012/3/7,21.049999,0.019290178
2012/3/8,21.459999,-0.005607445
2012/3/9,21.34,0.02544662
2012/3/12,21.889999,0.040730626
2012/3/13,22.799999,-0.003514942
2012/3/14,22.719999,0.005267835
2012/3/15,22.84,-0.011891794
2012/3/16,22.57,0.001328315
2012/3/19,22.6,-0.042944452
2012/3/20,21.65,-0.005558097
2012/3/21,21.530001,0.007404013
2012/3/22,21.690001,0.0064338
2012/3/23,21.83,0.030230139
2012/3/26,22.5,0.007527155
2012/3/27,22.67,-0.022753603
2012/3/28,22.16,0.00090212
2012/3/29,22.18,0.042371697
2012/3/30,23.139999,0.000863974
2012/4/2,23.16,-0.016104766
2012/4/3,22.790001,-0.058268952
2012/4/4,21.5,0.055632703
2012/4/5,22.73,-0.036286176
2012/4/9,21.92,-0.017487744
2012/4/10,21.540001,0.047152841
2012/4/11,22.58,-0.01472255
2012/4/12,22.25,0.082770186
2012/4/13,24.17,-0.004561526
2012/4/16,24.059999,0.016079588
2012/4/17,24.450001,-0.022333475
2012/4/18,23.91,0.00083612
2012/4/19,23.93,-0.002091655
2012/4/20,23.879999,-0.026736115
2012/4/23,23.25,0.035491685
2012/4/24,24.09,0.045047218
2012/4/25,25.200001,-0.011574705
2012/4/26,24.91,0.000802568
2012/4/27,24.93,-0.030546052
2012/4/30,24.18,0.03334998
2012/5/1,25,-0.004409749
2012/5/2,24.889999,-0.034331121
2012/5/3,24.049999,-0.221585473
2012/5/4,19.27,0.037682666
2012/5/7,20.01,0.029058927
2012/5/8,20.6,0.013021693
2012/5/9,20.870001,-0.003840619
2012/5/10,20.790001,-0.029780135
2012/5/11,20.18,0.001980149
2012/5/14,20.219999,-0.004460974
2012/5/15,20.129999,0.029370736
2012/5/16,20.73,-0.009694647
2012/5/17,20.530001,-0.026155006
2012/5/18,20,0.005982121
2012/5/21,20.120001,0.022605335
2012/5/22,20.58,-0.068888806
2012/5/23,19.209999,-0.0115184
2012/5/24,18.99,0.045298582
2012/5/25,19.870001,-0.024969552
2012/5/29,19.379999,-0.005173214
2012/5/30,19.280001,-0.012001292
2012/5/31,19.049999,-0.021220903
2012/6/1,18.65,-0.022229161
2012/6/4,18.24,-0.002744937
2012/6/5,18.190001,0.041986684
2012/6/6,18.969999,-0.055268561
2012/6/7,17.950001,0.004446922
2012/6/8,18.030001,-0.006677877
2012/6/11,17.91,-0.007847574
2012/6/12,17.77,0.004491866
2012/6/13,17.85,0.006700137
2012/6/14,17.969999,0.004441984
2012/6/15,18.049999,-0.007228222
2012/6/18,17.92,0.014404681
2012/6/19,18.18,-0.009950331
2012/6/20,18,-0.002781587
2012/6/21,17.950001,-0.00839177
2012/6/22,17.799999,-0.013005499
2012/6/25,17.57,-0.02070235
2012/6/26,17.209999,0.020132979
2012/6/27,17.559999,0.001707027
2012/6/28,17.59,0.025815071
2012/6/29,18.049999,-0.002773871
2012/7/2,18,0.008298803
2012/7/3,18.15,0.003300278
2012/7/5,18.209999,-0.014380668
2012/7/6,17.950001,0.002781587
2012/7/9,18,0
2012/7/10,18,-0.005571045
2012/7/11,17.9,0.001674575
2012/7/12,17.93,-0.004471779
2012/7/13,17.85,-0.001121076
2012/7/16,17.83,0.00335941
2012/7/17,17.889999,-0.001118456
2012/7/18,17.870001,-0.027803323
2012/7/19,17.379999,-0.039911283
2012/7/20,16.700001,-0.032869726
2012/7/23,16.16,-0.011201113
2012/7/24,15.98,0.009962661
2012/7/25,16.139999,0.015370731
2012/7/26,16.389999,0.011525818
2012/7/27,16.58,-0.023185846
2012/7/30,16.200001,-0.003091254
2012/7/31,16.15,-0.208544752
2012/8/1,13.11,-0.041267047
2012/8/2,12.58,0.091835441
2012/8/3,13.79,0.012252406
2012/8/6,13.96,0.009269229
2012/8/7,14.09,0.032812717
2012/8/8,14.56,-0.001374571
2012/8/9,14.54,-0.00828734
2012/8/10,14.42,0.014458083
2012/8/13,14.63,0.018286998
2012/8/14,14.9,0.015318315
2012/8/15,15.13,0.023515127
2012/8/16,15.49,0.01219136
2012/8/17,15.68,-0.017369366
2012/8/20,15.41,0.016731407
2012/8/21,15.67,0.00127551
2012/8/22,15.69,-0.00127551
2012/8/23,15.67,-0.008974419
2012/8/24,15.53,0.046549284
2012/8/27,16.27,-0.012991275
2012/8/28,16.059999,0.001866315
2012/8/29,16.09,-0.02008856
2012/8/30,15.77,-0.025691843
2012/8/31,15.37,-0.042531327
2012/9/4,14.73,-0.012295237
2012/9/5,14.55,0.061311671
2012/9/6,15.47,0.014120902
2012/9/7,15.69,0.006986373
2012/9/10,15.8,0.012578782
2012/9/11,16,-0.022117805
2012/9/12,15.65,0.032068136
2012/9/13,16.16,0.024451035
2012/9/14,16.559999,0.002412607
2012/9/17,16.6,0.016726735
2012/9/18,16.879999,-0.000592474
2012/9/19,16.870001,-0.008333441
2012/9/20,16.73,0.010701648
2012/9/21,16.91,-0.008313587
2012/9/24,16.77,-0.001193318
2012/9/25,16.75,-0.013221286
2012/9/26,16.530001,-0.003029448
2012/9/27,16.48,-0.006086507
2012/9/28,16.379999,0.006693119
2012/10/1,16.49,0.025742218
2012/10/2,16.92,-0.010098096
2012/10/3,16.75,0.005952399
2012/10/4,16.85,-0.016153507
2012/10/5,16.58,-0.032488362
2012/10/8,16.049999,-0.017599386
2012/10/9,15.77,0.006951055
2012/10/10,15.88,-0.000629921
2012/10/11,15.87,-0.019727016
2012/10/12,15.56,0.000642467
2012/10/15,15.57,0.053154118
2012/10/16,16.42,0.041747325
2012/10/17,17.120001,-0.003510946
2012/10/18,17.059999,-0.005289463
2012/10/19,16.969999,-0.001179127
2012/10/22,16.950001,-0.011272798
2012/10/23,16.76,0.002383732
2012/10/24,16.799999,-0.060736176
2012/10/25,15.81,-0.012730917
2012/10/26,15.61,-0.006426757
2012/10/31,15.51,-0.014940193
2012/11/1,15.28,-0.034623965
2012/11/2,14.76,-0.015017347
2012/11/5,14.54,-0.034993074
2012/11/6,14.04,0.00851069
2012/11/7,14.16,0.019581045
2012/11/8,14.44,0.01648389
2012/11/9,14.68,0.023562181
2012/11/12,15.03,0.006631324
2012/11/13,15.13,0
2012/11/14,15.13,-0.003310165
2012/11/15,15.08,-0.002656044
2012/11/16,15.04,0.021053409
2012/11/19,15.36,-0.011129411
2012/11/20,15.19,0.005252803
2012/11/21,15.27,0.027770593
2012/11/23,15.7,0.01642488
2012/11/26,15.96,-0.027956077
2012/11/27,15.52,0.00706263
2012/11/28,15.63,0.017755698
2012/11/29,15.91,-0.006305191
2012/11/30,15.81,-0.018513136
2012/12/3,15.52,-0.009061551
2012/12/4,15.38,0
2012/12/5,15.38,0.018041726
2012/12/6,15.66,-0.021297998
2012/12/7,15.33,-0.021761492
2012/12/10,15,-0.01342302
2012/12/11,14.8,-0.008141158
2012/12/12,14.68,0.040712997
2012/12/13,15.29,-0.00853864
2012/12/14,15.16,0.012455094
2012/12/17,15.35,0.002602474
2012/12/18,15.39,0.007122076
2012/12/19,15.5,-0.012987196
2012/12/20,15.3,0.019418086
2012/12/21,15.6,-0.01811175
2012/12/24,15.32,-0.003924138
2012/12/26,15.26,0.001963994
2012/12/27,15.29,0.007168489
2012/12/28,15.4,0.026275142
2012/12/31,15.81,-0.021093783
2013/1/2,15.48,-0.001292825
2013/1/3,15.46,-0.002590675
2013/1/4,15.42,-0.021633095
2013/1/7,15.09,-0.002654282
2013/1/8,15.05,0.013857035
2013/1/9,15.26,0.00522877
2013/1/10,15.34,0.023833656
2013/1/11,15.71,-0.016041409
2013/1/14,15.46,-0.007792247
2013/1/15,15.34,-0.009168368
2013/1/16,15.2,0.025975486
2013/1/17,15.6,-0.00707626
2013/1/18,15.49,0.016645711
2013/1/22,15.75,-0.005730675
2013/1/23,15.66,0.010797183
2013/1/24,15.83,-0.005066509
2013/1/25,15.75,0.002536463
2013/1/28,15.79,0.034239261
2013/1/29,16.34,0.008531435
2013/1/30,16.48,0.00665258
2013/1/31,16.59,-0.002414063
2013/2/1,16.549999,-0.029431862
2013/2/4,16.07,0.036656517
2013/2/5,16.67,-0.006016865
2013/2/6,16.57,0.001808864
2013/2/7,16.6,-0.020079774
2013/2/8,16.27,0.011002617
2013/2/11,16.450001,0.00424623
2013/2/12,16.52,0.003022063
2013/2/13,16.57,0.010804427
2013/2/14,16.75,0.013637923
2013/2/15,16.98,0.02385909
2013/2/19,17.389999,-0.002302764
2013/2/20,17.35,-0.036986959
2013/2/21,16.719999,0.078753752
2013/2/22,18.09,0.015359654
2013/2/25,18.370001,0.001631711
2013/2/26,18.4,-0.01809756
2013/2/27,18.07,-0.003881347
2013/2/28,18,0.001110494
2013/3/1,18.02,0.008839837
2013/3/4,18.18,0.006032428
2013/3/5,18.290001,-0.014317424
2013/3/6,18.030001,0.020856903
2013/3/7,18.41,0.042016336
2013/3/8,19.200001,-0.0036526
2013/3/11,19.129999,0.012983824
2013/3/12,19.379999,-0.010894998
2013/3/13,19.17,-0.002088826
2013/3/14,19.129999,-0.009453747
2013/3/15,18.950001,-0.017567659
2013/3/18,18.620001,-0.013517372
2013/3/19,18.370001,0.016734479
2013/3/20,18.68,-0.012389008
2013/3/21,18.450001,-0.00543485
2013/3/22,18.35,0.022630276
2013/3/25,18.77,0.005313562
2013/3/26,18.870001,-0.014949611
2013/3/27,18.59,-0.006476062
2013/3/28,18.469999,-0.042018345
2013/4/1,17.709999,-0.005662416
2013/4/2,17.610001,-0.025303304
2013/4/3,17.17,0.006964683
2013/4/4,17.290001,-0.009297104
2013/4/5,17.129999,0.04285146
2013/4/8,17.879999,0.002792574
2013/4/9,17.93,0.030213779
2013/4/10,18.48,-0.020777128
2013/4/11,18.1,-0.003320368
2013/4/12,18.040001,0.001107923
2013/4/15,18.059999,-0.003327735
2013/4/16,18,-0.014549781
2013/4/17,17.74,0.001126761
2013/4/18,17.76,-0.003949173
2013/4/19,17.690001,-0.010798684
2013/4/22,17.5,0.012493008
2013/4/23,17.719999,0.021770438
2013/4/24,18.110001,0.009343294
2013/4/25,18.280001,0.006543044
2013/4/26,18.4,0.002171608
2013/4/29,18.440001,-0.002715288
2013/4/30,18.389999,-0.037677589
2013/5/1,17.709999,0.003944891
2013/5/2,17.780001,0.104066034
2013/5/3,19.73,0.018579495
2013/5/6,20.1,0.002980628
2013/5/7,20.16,-0.002980628
2013/5/8,20.1,-0.006989594
2013/5/9,19.959999,0.002002053
2013/5/10,20,-0.004510155
2013/5/13,19.91,0.024312783
2013/5/14,20.4,0.007325991
2013/5/15,20.549999,0.015930823
2013/5/16,20.879999,0.001435798
2013/5/17,20.91,-0.026655273
2013/5/20,20.360001,-0.018340092
2013/5/21,19.99,-0.003507896
2013/5/22,19.92,-0.007052875
2013/5/23,19.780001,-0.00050574
2013/5/24,19.77,-0.000505945
2013/5/28,19.76,-0.018386626
2013/5/29,19.4,0.004628447
2013/5/30,19.49,-0.031798406
2013/5/31,18.879999,0.033848688
2013/6/3,19.530001,-0.02698664
2013/6/4,19.01,-0.030985385
2013/6/5,18.43,-0.008172151
2013/6/6,18.280001,0.028049196
2013/6/7,18.799999,0.007419324
2013/6/10,18.940001,-0.033282781
2013/6/11,18.32,-0.022075952
2013/6/12,17.92,-0.026577702
2013/6/13,17.450001,0.002861175
2013/6/14,17.5,0.010233176
2013/6/17,17.68,0.011248657
2013/6/18,17.879999,-0.011814427
2013/6/19,17.67,-0.026377734
2013/6/20,17.209999,-0.014632981
2013/6/21,16.959999,-0.00591356
2013/6/24,16.860001,0.007092169
2013/6/25,16.98,0.007626965
2013/6/26,17.110001,0.008148997
2013/6/27,17.25,-0.002902702
2013/6/28,17.200001,0.034288959
2013/7/1,17.799999,0.007834511
2013/7/2,17.940001,0.00500418
2013/7/3,18.030001,0.009384556
2013/7/5,18.200001,0.014726091
2013/7/8,18.469999,0.011305693
2013/7/9,18.68,0.011708489
2013/7/10,18.9,0.01366285
2013/7/11,19.16,0.011932645
2013/7/12,19.389999,0.018396074
2013/7/15,19.75,0.017566324
2013/7/16,20.1,0.00099458
2013/7/17,20.120001,0.004463087
2013/7/18,20.209999,0.002964479
2013/7/19,20.27,-0.010912857
2013/7/22,20.049999,-0.00249683
2013/7/23,20,0.00796817
2013/7/24,20.16,0.003466208
2013/7/25,20.23,-0.003962363
2013/7/26,20.15,-0.00697214
2013/7/29,20.01,0.000999051
2013/7/30,20.030001,0.000997904
2013/7/31,20.049999,0.02997036
2013/8/1,20.66,0.067830576
2013/8/2,22.110001,0.001355842
2013/8/5,22.139999,0.005854599
2013/8/6,22.27,-0.006306372
2013/8/7,22.129999,0.006306372
2013/8/8,22.27,0.005820478
2013/8/9,22.4,-0.003577821
2013/8/12,22.32,0.000447928
2013/8/13,22.33,-0.002690585
2013/8/14,22.27,-0.006758259
2013/8/15,22.120001,0.004510517
2013/8/16,22.219999,-0.003155243
2013/8/19,22.15,0.011669791
2013/8/20,22.41,0.003563478
2013/8/21,22.49,0.008412713
2013/8/22,22.68,0.007029906
2013/8/23,22.84,0.016931162
2013/8/26,23.23,-0.017807202
2013/8/27,22.82,0.017807202
2013/8/28,23.23,0.007718735
2013/8/29,23.41,-0.013763658
2013/8/30,23.09,-0.003470719
2013/9/3,23.01,-0.029102583
2013/9/4,22.35,0.001341337
2013/9/5,22.379999,-0.01259005
2013/9/6,22.1,0.006314861
2013/9/9,22.24,0.000898876
2013/9/10,22.26,0.028782151
2013/9/11,22.91,-0.01362359
2013/9/12,22.6,0.000442424
2013/9/13,22.610001,0.002208925
2013/9/16,22.66,-0.01467019
2013/9/17,22.33,-0.010353457
2013/9/18,22.1,-0.024274148
2013/9/19,21.57,0.010606464
2013/9/20,21.799999,0.084830147
2013/9/23,23.73,-0.013149712
2013/9/24,23.42,0.005959958
2013/9/25,23.559999,0.001272577
2013/9/26,23.59,-0.019260215
2013/9/27,23.139999,-0.001730061
2013/9/30,23.1,0.004319704
2013/10/1,23.200001,-0.008223418
2013/10/2,23.01,-0.027314518
2013/10/3,22.389999,0.034675452
2013/10/4,23.18,-0.022688582
2013/10/7,22.66,0.002204056
2013/10/8,22.709999,-0.019115852
2013/10/9,22.280001,0.071025469
2013/10/10,23.92,0.009983444
2013/10/11,24.16,-0.001242535
2013/10/14,24.129999,0.000414336
2013/10/15,24.139999,0.006606135
2013/10/16,24.299999,-0.002472148
2013/10/17,24.24,0.01596101
2013/10/18,24.629999,0.016509415
2013/10/21,25.040001,-0.010841343
2013/10/22,24.77,-0.016280335
2013/10/23,24.370001,0.013045435
2013/10/24,24.690001,-0.004058488
2013/10/25,24.59,0.002031242
2013/10/28,24.639999,-0.009787966
2013/10/29,24.4,0.00653593
2013/10/30,24.559999,-0.024733331
2013/10/31,23.959999,-0.03223341
2013/11/1,23.200001,0.035566829
2013/11/4,24.040001,0.004565229
2013/11/5,24.15,-0.003318128
2013/11/6,24.07,-0.002495842
2013/11/7,24.01,0.012828647
2013/11/8,24.32,-0.004533327
2013/11/11,24.209999,-0.002895555
2013/11/12,24.139999,0.013168915
2013/11/13,24.459999,-0.006974305
2013/11/14,24.290001,-0.003299055
2013/11/15,24.209999,-0.004138996
2013/11/18,24.110001,-0.002907582
2013/11/19,24.040001,0.007872384
2013/11/20,24.23,0.007810934
2013/11/21,24.42,0.009374432
2013/11/22,24.65,-0.02672307
2013/11/25,24,0.017758055
2013/11/26,24.43,0.024662701
2013/11/27,25.040001,0.024458773
2013/11/29,25.66,-0.041780454
2013/12/2,24.610001,0.027256195
2013/12/3,25.290001,0.018801924
2013/12/4,25.77,0.005803847
2013/12/5,25.92,-0.014377594
2013/12/6,25.549999,0.015534371
2013/12/9,25.950001,-0.02774161
2013/12/10,25.24,-0.002777229
2013/12/11,25.17,0.003569308
2013/12/12,25.26,0.028874421
2013/12/13,26,0.016024761
2013/12/16,26.42,-0.01640945
2013/12/17,25.99,0.007283912
2013/12/18,26.18,0.008746966
2013/12/19,26.41,0.053808151
2013/12/20,27.870001,0.041123347
2013/12/23,29.040001,-0.020526029
2013/12/24,28.450001,0.003858907
2013/12/26,28.559999,0.020104664
2013/12/27,29.139999,-0.011042176
2013/12/30,28.82,0.011728317
2013/12/31,29.16,0.01091416
2014/1/2,29.48,-0.008174432
2014/1/3,29.24,-0.019337619
2014/1/6,28.68,0.006603013
2014/1/7,28.870001,-0.025966441
2014/1/8,28.129999,-0.012520214
2014/1/9,27.780001,0.001079259
2014/1/10,27.809999,-0.014487722
2014/1/13,27.41,0.011246228
2014/1/14,27.719999,0.024235007
2014/1/15,28.4,0.016067443
2014/1/16,28.860001,-0.028111549
2014/1/17,28.059999,0
2014/1/21,28.059999,0.006748419
2014/1/22,28.25,-0.012825292
2014/1/23,27.889999,-0.020283166
2014/1/24,27.33,-0.000732101
2014/1/27,27.309999,-0.150252478
2014/1/28,23.5,0.026869753
2014/1/29,24.139999,-0.005816344
2014/1/30,24,-0.016383437
2014/1/31,23.610001,-0.026176178
2014/2/3,23,0.012529911
2014/2/4,23.290001,-0.027864275
2014/2/5,22.65,0.00922885
2014/2/6,22.860001,0.003493453
2014/2/7,22.940001,0.006517468
2014/2/10,23.09,-0.003470719
2014/2/11,23.01,0.008223418
2014/2/12,23.200001,0.000861611
2014/2/13,23.219999,0.01283719
2014/2/14,23.52,0.005934736
2014/2/18,23.66,-0.017910927
2014/2/19,23.24,-0.004744499
2014/2/20,23.129999,-0.020970581
2014/2/21,22.65,0.021402827
2014/2/24,23.139999,-0.024055348
2014/2/25,22.59,0.018421574
2014/2/26,23.01,0.009085029
2014/2/27,23.219999,0.001291199
2014/2/28,23.25,-0.00733869
2014/3/3,23.08,0.028616089
2014/3/4,23.75,-0.050517972
2014/3/5,22.58,0.019733199
2014/3/6,23.030001,-0.002173485
2014/3/7,22.98,0.000869944
2014/3/10,23,-0.023758311
2014/3/11,22.459999,-0.008046445
2014/3/12,22.280001,-0.03889765
2014/3/13,21.43,-0.016467086
2014/3/14,21.08,-0.015778477
2014/3/17,20.75,0.003848009
2014/3/18,20.83,-0.023804865
2014/3/19,20.34,-0.002954163
2014/3/20,20.280001,-0.007424038
2014/3/21,20.129999,0.008409647
2014/3/24,20.299999,0.014184684
2014/3/25,20.59,0.003393943
2014/3/26,20.66,0.002899905
2014/3/27,20.719999,0.011516443
2014/3/28,20.959999,0.02077511
2014/3/31,21.4,-0.009861503
2014/4/1,21.190001,0.00564698
2014/4/2,21.309999,-0.004232313
2014/4/3,21.219999,-0.028197807
2014/4/4,20.629999,-0.002912575
2014/4/7,20.57,0.005816836
2014/4/8,20.690001,0.00482161
2014/4/9,20.790001,-0.032757755
2014/4/10,20.120001,-0.013006686
2014/4/11,19.860001,0.021420494
2014/4/14,20.290001,0.016133324
2014/4/15,20.620001,-0.001456006
2014/4/16,20.59,0.002909798
2014/4/17,20.65,0.014900492
2014/4/21,20.959999,-0.006701749
2014/4/22,20.82,-0.002886005
2014/4/23,20.76,-0.014556347
2014/4/24,20.459999,-0.03531822
2014/4/25,19.75,0.003538038
2014/4/28,19.82,0.012036204
2014/4/29,20.059999,0.001494446
2014/4/30,20.09,-0.031347411
2014/5/1,19.469999,-0.032892499
2014/5/2,18.84,-0.004788517
2014/5/5,18.75,0.022152805
2014/5/6,19.17,0
2014/5/7,19.17,-0.028036801
2014/5/8,18.639999,-0.030503401
2014/5/9,18.08,0.025124259
2014/5/12,18.540001,-0.008667552
2014/5/13,18.379999,-0.028699431
2014/5/14,17.860001,-0.003927074
2014/5/15,17.790001,0.008396354
2014/5/16,17.940001,0.002227117
2014/5/19,17.98,-0.016260464
2014/5/20,17.690001,0.012359651
2014/5/21,17.91,0.013311345
2014/5/22,18.15,0.002751088
2014/5/23,18.200001,-0.005509711
2014/5/27,18.1,0.001656031
2014/5/28,18.129999,0.015869061
2014/5/29,18.42,0.003252035
2014/5/30,18.48,-0.008150004
2014/6/2,18.33,0.003267922
2014/6/3,18.389999,-0.012585611
2014/6/4,18.16,0.0217873
2014/6/5,18.559999,0.020795311
2014/6/6,18.950001,0.029635597
2014/6/9,19.52,-0.005136118
2014/6/10,19.42,-0.012956906
2014/6/11,19.17,0.020651224
2014/6/12,19.57,-0.003583316
2014/6/13,19.5,0.000512689
2014/6/16,19.51,-0.001025641
2014/6/17,19.49,0.01020943
2014/6/18,19.690001,0.006580585
2014/6/19,19.82,0.001008573
2014/6/20,19.84,-0.002018215
2014/6/23,19.799999,-0.00101051
2014/6/24,19.780001,0.009559721
2014/6/25,19.969999,-0.009054287
2014/6/26,19.790001,0.008052383
2014/6/27,19.950001,-0.009063556
2014/6/30,19.77,-0.002025317
2014/7/1,19.73,0
2014/7/2,19.73,-0.001521634
2014/7/3,19.700001,-0.030406876
2014/7/7,19.110001,-0.027588009
2014/7/8,18.59,-0.004312675
2014/7/9,18.51,-0.016889478
2014/7/10,18.200001,0.006025655
2014/7/11,18.309999,0.011403925
2014/7/14,18.52,-0.006500565
2014/7/15,18.4,-0.015886338
2014/7/16,18.110001,0.003307555
2014/7/17,18.17,0.01149118
2014/7/18,18.379999,-0.007646078
2014/7/21,18.24,0.00819
2014/7/22,18.389999,-0.010385335
2014/7/23,18.200001,-0.01216162
2014/7/24,17.98,-0.019658089
2014/7/25,17.629999,-0.020631048
2014/7/28,17.27,-0.006389798
2014/7/29,17.16,0.021332662
2014/7/30,17.530001,0.002279146
2014/7/31,17.57,-0.003992021
2014/8/1,17.5,-0.024292693
2014/8/4,17.08,-0.005283253
2014/8/5,16.99,-0.00708798
2014/8/6,16.870001,-0.001779947
2014/8/7,16.84,-0.005955944
2014/8/8,16.74,0.008328365
2014/8/11,16.879999,0.001184192
2014/8/12,16.9,-0.002962965
2014/8/13,16.85,0.034989049
2014/8/14,17.450001,-0.006900602
2014/8/15,17.33,0.029004023
2014/8/18,17.84,-0.00900907
2014/8/19,17.68,-0.021727614
2014/8/20,17.299999,0.010350927
2014/8/21,17.48,0.005704522
2014/8/22,17.58,0.023054156
2014/8/25,17.99,0.009955834
2014/8/26,18.17,0.001100165
2014/8/27,18.190001,-0.00440772
2014/8/28,18.110001,0.042168301
2014/8/29,18.889999,-0.001589298
2014/9/2,18.860001,-0.005316387
2014/9/3,18.76,-0.01179633
2014/9/4,18.540001,-0.001619487
2014/9/5,18.51,0.003774607
2014/9/8,18.58,-0.037843892
2014/9/9,17.889999,0.024842625
2014/9/10,18.34,-0.009312584
2014/9/11,18.17,-0.039286816
2014/9/12,17.469999,-0.005165005
2014/9/15,17.379999,-0.001151295
2014/9/16,17.360001,0.008032114
2014/9/17,17.5,-0.011494437
2014/9/18,17.299999,0.005763763
2014/9/19,17.4,-0.036282446
2014/9/22,16.780001,-0.010182777
2014/9/23,16.610001,0.003005653
2014/9/24,16.66,-0.024302533
2014/9/25,16.26,0.003683245
2014/9/26,16.32,0.012785623
2014/9/29,16.530001,-0.016468868
2014/9/30,16.26,-0.031867739
2014/10/1,15.75,0.033711119
2014/10/2,16.290001,0.01038165
2014/10/3,16.459999,0.002427246
2014/10/6,16.5,-0.021440331
2014/10/7,16.15,0.031090587
2014/10/8,16.66,-0.019394547
2014/10/9,16.34,-0.007987815
2014/10/10,16.209999,-0.001852362
2014/10/13,16.18,0.044129251
2014/10/14,16.91,0.030287697
2014/10/15,17.43,-0.007486416
2014/10/16,17.299999,0.017192458
2014/10/17,17.6,0.070204206
2014/10/20,18.879999,-0.030109749
2014/10/21,18.32,-0.044650274
2014/10/22,17.52,-0.032485514
2014/10/23,16.959999,-0.028710047
2014/10/24,16.48,0.001212856
2014/10/27,16.5,0.034547807
2014/10/28,17.08,-0.001758043
2014/10/29,17.049999,0.044171277
2014/10/30,17.82,0.002801963
2014/10/31,17.870001,-0.150705828
2014/11/3,15.37,0.009711957
2014/11/4,15.52,0.08043914
2014/11/5,16.82,-0.082374
2014/11/6,15.49,0.021712219
2014/11/7,15.83,-0.001264223
2014/11/10,15.81,-0.024977283
2014/11/11,15.42,0.022444033
2014/11/12,15.77,0.003797473
2014/11/13,15.83,-0.005066509
2014/11/14,15.75,-0.00445435
2014/11/17,15.68,0.011414201
2014/11/18,15.86,-0.017812176
2014/11/19,15.58,0.047015867
2014/11/20,16.33,0.04431863
2014/11/21,17.07,-0.012378525
2014/11/24,16.860001,0.005323881
2014/11/25,16.950001,0.012313201
2014/11/26,17.16,0.003490347
2014/11/28,17.219999,0.00347838
2014/12/1,17.280001,0.039153824
2014/12/2,17.969999,-0.016269588
2014/12/3,17.68,-0.000565771
2014/12/4,17.67,-0.003969384
2014/12/5,17.6,-0.005126756
2014/12/8,17.51,0.030927346
2014/12/9,18.059999,-0.019570097
2014/12/10,17.709999,0.063973712
2014/12/11,18.879999,-0.029018641
2014/12/12,18.34,0.030077455
2014/12/15,18.9,-0.003710579
2014/12/16,18.83,0.051240186
2014/12/17,19.82,0.016512759
2014/12/18,20.15,-0.001987035
2014/12/19,20.110001,-0.000995075
2014/12/22,20.09,0.061765937
2014/12/23,21.370001,0.011168101
2014/12/24,21.610001,0.019248989
2014/12/26,22.030001,0.043958197
2014/12/29,23.02,-0.005226493
2014/12/30,22.9,0.006094969
2014/12/31,23.040001,-0.008718494
2015/1/2,22.84,-0.001314392
2015/1/5,22.809999,-0.046206829
2015/1/6,21.780001,-0.017134061
2015/1/7,21.41,-0.002338042
2015/1/8,21.360001,0.007927297
2015/1/9,21.530001,-0.006056436
2015/1/12,21.4,0.032639118
2015/1/13,22.110001,-0.008630578
2015/1/14,21.92,-0.046215926
2015/1/15,20.93,0.032435322
2015/1/16,21.620001,0.041672695
2015/1/20,22.540001,0.011468939
2015/1/21,22.799999,-0.00395518
2015/1/22,22.709999,-0.029492756
2015/1/23,22.049999,-0.010485576
2015/1/26,21.82,0.0022889
2015/1/27,21.870001,-0.010110426
2015/1/28,21.65,0.034501833
2015/1/29,22.41,-0.046583811
2015/1/30,21.389999,0.028573419
2015/2/2,22.01,0.017564063
2015/2/3,22.4,-0.004474325
2015/2/4,22.299999,-0.002244625
2015/2/5,22.25,0.00671895
2015/2/6,22.4,0.003120083
2015/2/9,22.469999,0.000444983
2015/2/10,22.48,-0.017048417
2015/2/11,22.1,0.017493157
2015/2/12,22.49,0.011933843
2015/2/13,22.76,0.001755883
2015/2/17,22.799999,0.03448622
2015/2/18,23.6,-0.01494158
2015/2/19,23.25,0.006003406
2015/2/20,23.389999,-0.01204307
2015/2/23,23.110001,0.00646968
2015/2/24,23.26,-0.059335685
2015/2/25,21.92,-0.020742897
2015/2/26,21.469999,-0.058008066
2015/2/27,20.26,-0.016422365
2015/3/2,19.93,0.036940915
2015/3/3,20.68,0.002414877
2015/3/4,20.73,-0.000482557
2015/3/5,20.719999,0.009128144
2015/3/6,20.91,0.056706595
2015/3/9,22.129999,0.014801796
2015/3/10,22.459999,-0.011193312
2015/3/11,22.209999,-0.016799442
2015/3/12,21.84,0.000457771
2015/3/13,21.85,-0.011507607
2015/3/16,21.6,0.015618186
2015/3/17,21.940001,-0.020258565
2015/3/18,21.5,0.033389793
2015/3/19,22.23,0.048297358
2015/3/20,23.33,-0.024735477
2015/3/23,22.76,-0.022213263
2015/3/24,22.26,-0.031951646
2015/3/25,21.559999,-0.00978796
2015/3/26,21.35,0.00374007
2015/3/27,21.43,0.040243154
2015/3/30,22.309999,0.005364385
2015/3/31,22.43,-0.012110487
2015/4/1,22.16,0.01744616
2015/4/2,22.549999,-0.016994998
2015/4/6,22.17,0.011659325
2015/4/7,22.43,-0.003125656
2015/4/8,22.360001,-0.039220758
2015/4/9,21.5,0.003250525
2015/4/10,21.57,0.004163781
2015/4/13,21.66,-0.003236997
2015/4/14,21.59,-0.008839322
2015/4/15,21.4,-0.013644013
2015/4/16,21.110001,-0.034702374
2015/4/17,20.389999,0.002449279
2015/4/20,20.440001,-0.000979002
2015/4/21,20.42,-0.002942572
2015/4/22,20.360001,0.00196266
2015/4/23,20.4,-0.019802627
2015/4/24,20,-0.030459207
2015/4/27,19.4,0.003601702
2015/4/28,19.469999,-0.025488975
2015/4/29,18.98,-0.041414954
2015/4/30,18.209999,0.044571243
2015/5/1,19.040001,0.004192878
2015/5/4,19.120001,-0.006295981
2015/5/5,19,0.013072082
2015/5/6,19.25,0.037721088
2015/5/7,19.99,-0.01359885
2015/5/8,19.719999,-0.002030407
2015/5/11,19.68,-0.015361337
2015/5/12,19.379999,-0.010894998
2015/5/13,19.17,0.02116208
2015/5/14,19.58,0.020723511
2015/5/15,19.99,0.002996955
2015/5/18,20.049999,0
2015/5/19,20.049999,-0.030381982
2015/5/20,19.450001,-0.004121592
2015/5/21,19.370001,-0.011422813
2015/5/22,19.15,-0.023779138
2015/5/26,18.700001,0.003736273
2015/5/27,18.77,0.012179129
2015/5/28,19,-0.013245227
2015/5/29,18.75,-0.017756722
2015/6/1,18.42,-0.004352564
2015/6/2,18.34,0.014614658
2015/6/3,18.610001,-0.001613391
2015/6/4,18.58,-0.000538358
2015/6/5,18.57,0.007510711
2015/6/8,18.709999,0.010103835
2015/6/9,18.9,0
2015/6/10,18.9,0.002642062
2015/6/11,18.950001,0.019854309
2015/6/12,19.33,-0.016167236
2015/6/15,19.02,0.007333715
2015/6/16,19.16,0.018614808
2015/6/17,19.52,0.015251948
2015/6/18,19.82,0.015022866
2015/6/19,20.120001,0.03707732
2015/6/22,20.879999,0.017094481
2015/6/23,21.24,-0.018052699
2015/6/24,20.860001,0.014279109
2015/6/25,21.16,0.014543958
2015/6/26,21.469999,-0.013127146
2015/6/29,21.190001,0.002356777
2015/6/30,21.24,0.00610192
2015/7/1,21.370001,-0.018418513
2015/7/2,20.98,-0.012952976
2015/7/6,20.709999,-0.010191741
2015/7/7,20.5,-0.030710735
2015/7/8,19.879999,-0.024441085
2015/7/9,19.4,0.018386626
2015/7/10,19.76,0.023012472
2015/7/13,20.219999,-0.012441067
2015/7/14,19.969999,0.000500676
2015/7/15,19.98,0.018349139
2015/7/16,20.35,-0.005914261
2015/7/17,20.23,-0.006446836
2015/7/20,20.1,-0.006488718
2015/7/21,19.969999,0.001001051
2015/7/22,19.99,-0.053428164
2015/7/23,18.950001,-0.00688385
2015/7/24,18.82,0.009518845
2015/7/27,19,-0.002107535
2015/7/28,18.959999,0.006309222
2015/7/29,19.08,0.006269665
2015/7/30,19.200001,-0.110000889
2015/7/31,17.200001,-0.043368958
2015/8/3,16.469999,-0.01900143
2015/8/4,16.16,0.002472251
2015/8/5,16.200001,0.008604785
2015/8/6,16.34,0.003055242
2015/8/7,16.389999,0.004261803
2015/8/10,16.459999,-0.004872117
2015/8/11,16.379999,0.014545832
2015/8/12,16.620001,-0.013325515
2015/8/13,16.4,0.026475674
2015/8/14,16.84,0.017657846
2015/8/17,17.139999,-0.014101233
2015/8/18,16.9,-0.031863169
2015/8/19,16.370001,-0.014149852
2015/8/20,16.139999,-0.01561062
2015/8/21,15.89,-0.035878288
2015/8/24,15.33,-0.023095715
2015/8/25,14.98,0.013262794
2015/8/26,15.18,0.015686596
2015/8/27,15.42,0.019904349
2015/8/28,15.73,-0.038229469
2015/8/31,15.14,-0.01062427
2015/9/1,14.98,0.023747818
2015/9/2,15.34,0.023833656
2015/9/3,15.71,0
2015/9/4,15.71,0.025763347
2015/9/8,16.120001,-0.007472077
2015/9/9,16,0.008711879
2015/9/10,16.139999,-0.018762214
2015/9/11,15.84,-0.039271219
2015/9/14,15.23,-0.011224945
2015/9/15,15.06,0.020375335
2015/9/16,15.37,0.010999787
2015/9/17,15.54,0.012787898
2015/9/18,15.74,-0.028352415
2015/9/21,15.3,-0.036609746
2015/9/22,14.75,-0.028190248
2015/9/23,14.34,-0.034767603
2015/9/24,13.85,-0.029306127
2015/9/25,13.45,0.027137712
2015/9/28,13.82,0.01222597
2015/9/29,13.99,0.0120783
2015/9/30,14.16,-0.038147843
2015/10/1,13.63,0.003661666
2015/10/2,13.68,0.045023681
2015/10/5,14.31,-0.004201687
2015/10/6,14.25,0.032450207
2015/10/7,14.72,-0.000679579
2015/10/8,14.71,0.002715548
2015/10/9,14.75,-0.022626951
2015/10/12,14.42,-0.017489078
2015/10/13,14.17,-0.013499317
2015/10/14,13.98,0.004994659
2015/10/15,14.05,0.033593082
2015/10/16,14.53,-0.009681957
2015/10/19,14.39,0.031466344
2015/10/20,14.85,-0.030077455
2015/10/21,14.41,0.004845977
2015/10/22,14.48,0.026577374
2015/10/23,14.87,-0.006747664
2015/10/26,14.77,-0.015007103
2015/10/27,14.55,0.05352448
2015/10/28,15.35,0.014872566
2015/10/29,15.58,-0.027987508
2015/10/30,15.15,0.047689449
2015/11/2,15.89,-0.024205003
2015/11/3,15.51,0.148886781
2015/11/4,18,0
2015/11/5,18,0.004987542
2015/11/6,18.09,0.010448321
2015/11/9,18.280001,0.062553405
2015/11/10,19.459999,0.008697932
2015/11/11,19.629999,-0.008184189
2015/11/12,19.469999,0.002564813
2015/11/13,19.52,0.011207453
2015/11/16,19.74,-0.009671799
2015/11/17,19.549999,0.012706652
2015/11/18,19.799999,-0.018349037
2015/11/19,19.440001,-0.014508078
2015/11/20,19.16,-0.003136437
2015/11/23,19.1,0.009380006
2015/11/24,19.280001,0.009806427
2015/11/25,19.469999,0.001539698
2015/11/27,19.5,0.004094172
2015/11/30,19.58,-0.033760672
2015/12/1,18.93,-0.013294532
2015/12/2,18.68,-0.039306426
2015/12/3,17.959999,0.04091108
2015/12/4,18.709999,-0.033146149
2015/12/7,18.1,0.004960109
2015/12/8,18.190001,-0.007726418
2015/12/9,18.049999,0.000553863
2015/12/10,18.059999,-0.026368934
2015/12/11,17.59,-0.027667412
2015/12/14,17.110001,0.01392936
2015/12/15,17.35,0.023356231
2015/12/16,17.76,0.032680837
2015/12/17,18.35,-0.044006043
2015/12/18,17.559999,-0.000569638
2015/12/21,17.549999,-0.014925535
2015/12/22,17.290001,0.001733546
2015/12/23,17.32,0.002882735
2015/12/24,17.370001,-0.006932494
2015/12/28,17.25,-0.024055135
2015/12/29,16.84,-0.007749726
2015/12/30,16.709999,-0.001796886
2015/12/31,16.68,-0.047262555
2016/1/4,15.91,-0.013924276
2016/1/5,15.69,-0.001913876
2016/1/6,15.66,-0.039067468
2016/1/7,15.06,-0.012024193
2016/1/8,14.88,0.007365283
2016/1/11,14.99,-0.014785216
2016/1/12,14.77,-0.030242855
2016/1/13,14.33,-0.006300336
2016/1/14,14.24,-0.019858809
2016/1/15,13.96,-0.028334623
2016/1/19,13.57,0.008804165
2016/1/20,13.69,0
2016/1/21,13.69,-0.000730727
2016/1/22,13.68,-0.042559614
2016/1/25,13.11,-0.00305577
2016/1/26,13.07,-0.00537017
2016/1/27,13,0.00537017
2016/1/28,13.07,0.006102231
2016/1/29,13.15,0.076820206
2016/2/1,14.2,-0.036576325
2016/2/2,13.69,0.015223201
2016/2/3,13.9,-0.015223201
2016/2/4,13.69,-0.014716969
2016/2/5,13.49,-0.038538959
2016/2/8,12.98,0.017564407
2016/2/9,13.21,-0.00607443
2016/2/10,13.13,-0.017672377
2016/2/11,12.9,0.022231655
2016/2/12,13.19,0.053867688
2016/2/16,13.92,0.040821995
2016/2/17,14.5,0.069911989
2016/2/18,15.55,0.124406341
2016/2/19,17.610001,-0.001136421
2016/2/22,17.59,0.014112568
2016/2/23,17.84,0.007260518
2016/2/24,17.969999,0.004995847
2016/2/25,18.059999,0.015930082
2016/2/26,18.35,0.027943838
2016/2/29,18.870001,-0.020343367
2016/3/1,18.49,-0.002165621
2016/3/2,18.450001,0.0086347
2016/3/3,18.610001,-0.0086347
2016/3/4,18.450001,0.092102226
2016/3/7,20.23,-0.019970709
2016/3/8,19.83,-0.009627691
2016/3/9,19.639999,-0.010235402
2016/3/10,19.440001,0.028399423
2016/3/11,20,-0.005515231
2016/3/14,19.889999,-0.026491514
2016/3/15,19.370001,0.006688937
2016/3/16,19.5,0.025317808
2016/3/17,20,0.005982121
2016/3/18,20.120001,0.001986048
2016/3/21,20.16,-0.017008914
2016/3/22,19.82,-0.034911195
2016/3/23,19.139999,0.016066788
2016/3/24,19.450001,-0.004121592
2016/3/28,19.370001,0.048863862
2016/3/29,20.34,-0.010874996
2016/3/30,20.120001,0.008413808
2016/3/31,20.290001,-0.007917013
2016/4/1,20.129999,-0.000993936
2016/4/4,20.110001,-0.009493001
2016/4/5,19.92,0.013958402
2016/4/6,20.200001,-0.030663422
2016/4/7,19.59,0.010157578
2016/4/8,19.790001,0.012054389
2016/4/11,20.030001,-0.000999051
2016/4/12,20.01,0.013403079
2016/4/13,20.280001,-0.01841311
2016/4/14,19.91,0.01148572
2016/4/15,20.139999,0.001984177
2016/4/18,20.18,0.005436188
2016/4/19,20.290001,-0.020917096
2016/4/20,19.870001,-0.06068753
2016/4/21,18.700001,0.007989337
2016/4/22,18.85,0.017355156
2016/4/25,19.18,0.001562855
2016/4/26,19.209999,0.005709904
2016/4/27,19.32,-0.003629768
2016/4/28,19.25,0.001038422
2016/4/29,19.27,-0.002077923
2016/5/2,19.23,-0.006783225
2016/5/3,19.1,-0.185888119
2016/5/4,15.86,-0.000630716
2016/5/5,15.85,0.022458774
2016/5/6,16.209999,0.046407907
2016/5/9,16.98,-0.025650139
2016/5/10,16.549999,-0.030677254
2016/5/11,16.049999,-0.011278253
2016/5/12,15.87,-0.01587839
2016/5/13,15.62,-0.001922461
2016/5/16,15.59,-0.039913705
2016/5/17,14.98,0.00996355
2016/5/18,15.13,-0.003973515
2016/5/19,15.07,0.007931304
2016/5/20,15.19,-0.013921339
2016/5/23,14.98,0.039913705
2016/5/24,15.59,0.017800851
2016/5/25,15.87,-0.001892148
2016/5/26,15.84,-0.008877674
2016/5/27,15.7,-0.03368194
2016/5/31,15.18,0.029213372
2016/6/1,15.63,0.020266685
2016/6/2,15.95,-0.030556165
2016/6/3,15.47,0.019840651
2016/6/6,15.78,-0.0063573
2016/6/7,15.68,0.009520859
2016/6/8,15.83,-0.009520859
2016/6/9,15.68,-0.029118848
2016/6/10,15.23,-0.027289547
2016/6/13,14.82,0.00806456
2016/6/14,14.94,0.009990093
2016/6/15,15.09,0.013820556
2016/6/16,15.3,0.017493157
2016/6/17,15.57,-0.013579258
2016/6/20,15.36,0.007135937
2016/6/21,15.47,-0.016292312
2016/6/22,15.22,0.03866461
2016/6/23,15.82,-0.019789985
2016/6/24,15.51,-0.064581505
2016/6/27,14.54,0.011624063
2016/6/28,14.71,0.052957443
2016/6/29,15.51,0.031103745
2016/6/30,16,-0.010681848
2016/7/1,15.83,-0.024945329
2016/7/5,15.44,0.017972242
2016/7/6,15.72,0.009496748
2016/7/7,15.87,0.019345377
2016/7/8,16.18,0.00554701
2016/7/11,16.27,0.011002617
2016/7/12,16.450001,-0.007934188
2016/7/13,16.32,0.001836548
2016/7/14,16.35,0
2016/7/15,16.35,-0.007366516
2016/7/18,16.23,0.007978011
2016/7/19,16.360001,-0.002448043
2016/7/20,16.32,-0.01295109
2016/7/21,16.110001,0.018450646
2016/7/22,16.41,-0.004274816
2016/7/25,16.34,0.017592144
2016/7/26,16.629999,0.005397315
2016/7/27,16.719999,-0.032211718
2016/7/28,16.190001,-0.00247378
2016/7/29,16.15,-0.007458021
2016/8/1,16.030001,0.007458021
2016/8/2,16.15,-0.346553845
2016/8/3,11.42,-0.084943782
2016/8/4,10.49,0.038340367
2016/8/5,10.9,0.063964962
2016/8/8,11.62,0.008569033
2016/8/9,11.72,-0.005990604
2016/8/10,11.65,-0.021692825
2016/8/11,11.4,-0.004395611
2016/8/12,11.35,-0.016881787
2016/8/15,11.16,-0.02449102
2016/8/16,10.89,-0.003679857
2016/8/17,10.85,0.010999194
2016/8/18,10.97,0.002730999
2016/8/19,11,0.016231195
2016/8/22,11.18,0.008904778
2016/8/23,11.28,-0.006225009
2016/8/24,11.21,0.017683927
2016/8/25,11.41,-0.007919091
2016/8/26,11.32,0.015775963
2016/8/29,11.5,-0.01489296
2016/8/30,11.33,-0.027742271
2016/8/31,11.02,0.025090922
2016/9/1,11.3,0.032218721
2016/9/2,11.67,0.027885203
2016/9/6,12,0
2016/9/7,12,0
2016/9/8,12,-0.04691692
2016/9/9,11.45,0.007829531
2016/9/12,11.54,-0.00521287
2016/9/13,11.48,0.019836787
2016/9/14,11.71,0.016095223
2016/9/15,11.9,-0.011834458
2016/9/16,11.76,0.005934736
2016/9/19,11.83,0.000844951
2016/9/20,11.84,0.002530579
2016/9/21,11.87,0.008389311
2016/9/22,11.97,-0.018550279
2016/9/23,11.75,-0.051517284
2016/9/26,11.16,-0.009905529
2016/9/27,11.05,-0.004535155
2016/9/28,11,-0.018349139
2016/9/29,10.8,0.0309961
2016/9/30,11.14,0.028320477
2016/10/3,11.46,0.004353511
2016/10/4,11.51,0.006926435
2016/10/5,11.59,0.01030052
2016/10/6,11.71,-0.009438079
2016/10/7,11.6,0.012848142
2016/10/10,11.75,0.008474627
2016/10/11,11.85,0.033198069
2016/10/12,12.25,0
2016/10/13,12.25,0.043919234
2016/10/14,12.8,-0.019724505
2016/10/17,12.55,-0.008000043
2016/10/18,12.45,0.006405146
2016/10/19,12.53,-0.002397125
2016/10/20,12.5,-0.001601281
2016/10/21,12.48,0.009569451
2016/10/24,12.6,-0.016000341
2016/10/25,12.4,-0.02449102
2016/10/26,12.1,-0.033616611
2016/10/27,11.7,-0.025975486
2016/10/28,11.4,0
2016/10/31,11.4,-0.022173857
2016/11/1,11.15,0
2016/11/2,11.15,0.017778246
2016/11/3,11.35,0.026088436
2016/11/4,11.65,-0.026088436
2016/11/7,11.35,0
2016/11/8,11.35,0.076308193
2016/11/9,12.25,0.028170877
2016/11/10,12.6,0.019646997
2016/11/11,12.85,0.007751977
2016/11/14,12.95,-0.007751977
2016/11/15,12.85,-0.011741818
2016/11/16,12.7,-0.003944778
2016/11/17,12.65,0.011787956
2016/11/18,12.8,0.015504187
2016/11/21,13,0.019048195
2016/11/22,13.25,0.003766483
2016/11/23,13.3,-0.018975901
2016/11/25,13.05,0.018975901
2016/11/28,13.3,-0.007547206
2016/11/29,13.2,-0.019121041
2016/11/30,12.95,-0.003868477
2016/12/1,12.9,0.022989518
2016/12/2,13.2,0.065957968
2016/12/5,14.1,-0.010695289
2016/12/6,13.95,0.007142888
2016/12/7,14.05,0.031526254
2016/12/8,14.5,0.027212564
2016/12/9,14.9,-0.027212564
2016/12/12,14.5,0.013698844
2016/12/13,14.7,-0.006825965
2016/12/14,14.6,0.053345981
2016/12/15,15.4,0.003241494
2016/12/16,15.45,0.038099784
2016/12/19,16.049999,0.006211262
2016/12/20,16.15,-0.003100778
2016/12/21,16.1,-0.031548358
2016/12/22,15.6,-0.00643089
2016/12/23,15.5,-0.006472515
2016/12/27,15.4,0.025642431
2016/12/28,15.8,0.02191011
2016/12/29,16.15,-0.02191011
2016/12/30,15.8,-0.009539023
2017/1/3,15.65,0.018987912
2017/1/4,15.95,0.003129893
2017/1/5,16,-0.003129893
2017/1/6,15.95,0.003129893
2017/1/9,16,-0.006269613
2017/1/10,15.9,-0.025479085
2017/1/11,15.5,-0.019544596
2017/1/12,15.2,0.016313575
2017/1/13,15.45,-0.016313575
2017/1/17,15.2,0.003284075
2017/1/18,15.25,-0.006578971
2017/1/19,15.15,0.006578971
2017/1/20,15.25,-0.003284075
2017/1/23,15.2,0.035544937
2017/1/24,15.75,-0.009569451
2017/1/25,15.6,0.028437873
2017/1/26,16.049999,0.006211262
2017/1/27,16.15,0.036478209
2017/1/30,16.75,-0.002989479
2017/1/31,16.700001,0
2017/2/1,16.700001,0.005970048
2017/2/2,16.799999,0.00297183
2017/2/3,16.85,-0.01194044
2017/2/6,16.65,0.005988042
2017/2/7,16.75,-0.027233212
2017/2/8,16.299999,0.009160492
2017/2/9,16.450001,0.026988084
2017/2/10,16.9,-0.014903406
2017/2/13,16.65,-0.027398912
2017/2/14,16.200001,-0.009302517
2017/2/15,16.049999,-0.006249958
2017/2/16,15.95,-0.009448889
2017/2/17,15.8,0.006309169
2017/2/21,15.9,-0.041739606
2017/2/22,15.25,-0.060829561
2017/2/23,14.35,0.047628049
2017/2/24,15.05,0.003316753
2017/2/27,15.1,-0.075637414
2017/2/28,14,0.055569851
2017/3/1,14.8,0
2017/3/2,14.8,-0.017036187
2017/3/3,14.55,0.013652089
2017/3/6,14.75,-0.017094433
2017/3/7,14.5,0
2017/3/8,14.5,-0.003454235
2017/3/9,14.45,-0.010434877
2017/3/10,14.3,0.003490405
2017/3/13,14.35,-0.003490405
2017/3/14,14.3,-0.010544913
2017/3/15,14.15,0.003527341
2017/3/16,14.2,0
2017/3/17,14.2,-0.014184635
2017/3/20,14,-0.025317808
2017/3/21,13.65,-0.003669729
2017/3/22,13.6,0.014598799
2017/3/23,13.8,0.010810916
2017/3/24,13.95,-0.003590668
2017/3/27,13.9,-0.003603608
2017/3/28,13.85,-0.00361664
2017/3/29,13.8,0.00361664
2017/3/30,13.85,0.003603608
2017/3/31,13.9,-0.025502293
2017/4/3,13.55,-0.014870162
2017/4/4,13.35,-0.007518832
2017/4/5,13.25,0.022388995
2017/4/6,13.55,0.032670782
2017/4/7,14,-0.018018506
2017/4/10,13.75,0.018018506
2017/4/11,14,-0.028987537
2017/4/12,13.6,0
2017/4/13,13.6,0.00732604
2017/4/17,13.7,0
2017/4/18,13.7,0.014493007
2017/4/19,13.9,0.003590668
2017/4/20,13.95,-0.007194276
2017/4/21,13.85,0.007194276
2017/4/24,13.95,0.014235116
2017/4/25,14.15,0.014035318
2017/4/26,14.35,-0.014035318
2017/4/27,14.15,-0.035975102
2017/4/28,13.65,0.003656311
2017/5/1,13.7,0.003642991
2017/5/2,13.75,-0.003642991
2017/5/3,13.7,0.003642991
2017/5/4,13.75,0
2017/5/5,13.75,-0.007299302
2017/5/8,13.65,-0.011049836
2017/5/9,13.5,0.102021614
2017/5/10,14.95,0.003338901
2017/5/11,15,-0.033901552
2017/5/12,14.5,0.020478531
2017/5/15,14.8,0.003372684
2017/5/16,14.85,-0.023851216
2017/5/17,14.5,-0.020906685
2017/5/18,14.2,0.048119248
2017/5/19,14.9,0.068097616
2017/5/22,15.95,0.006249958
2017/5/23,16.049999,-0.012539287
2017/5/24,15.85,0
2017/5/25,15.85,0.006289329
2017/5/26,15.95,-0.048163401
2017/5/30,15.2,-0.003294896
2017/5/31,15.15,0.029270382
2017/6/1,15.6,0
2017/6/2,15.6,-0.012903405
2017/6/5,15.4,-0.009788006
2017/6/6,15.25,-0.013201512
2017/6/7,15.05,0.009917437
2017/6/8,15.2,0.035544937
2017/6/9,15.75,-0.006369448
2017/6/12,15.65,0.003189795
2017/6/13,15.7,-0.006389798
2017/6/14,15.6,-0.035892923
2017/6/15,15.05,-0.023530497
2017/6/16,14.7,0
2017/6/19,14.7,-0.03813287
2017/6/20,14.15,-0.035975102
2017/6/21,13.65,0.014545711
2017/6/22,13.85,-0.021898685
2017/6/23,13.55,-0.007407441
2017/6/26,13.45,-0.018762276
2017/6/27,13.2,0.018762276
2017/6/28,13.45,-0.030190972
2017/6/29,13.05,-0.003838776
2017/6/30,13,-0.003853569
2017/7/3,12.95,-0.035367144
2017/7/5,12.5,-0.040821995
2017/7/6,12,0.01242252
2017/7/7,12.15,0.012270093
2017/7/10,12.3,-0.01639381
2017/7/11,12.1,0.032523192
2017/7/12,12.5,0.035367144
2017/7/13,12.95,0.01532597
2017/7/14,13.15,0.003795071
2017/7/17,13.2,0
2017/7/18,13.2,0.048068403
2017/7/19,13.85,0.007194276
2017/7/20,13.95,0.021277398
2017/7/21,14.25,-0.039361074
2017/7/24,13.7,0.021661497
2017/7/25,14,0.031637085
2017/7/26,14.45,0.003454235
2017/7/27,14.5,0
2017/7/28,14.5,0
2017/7/31,14.5,0.013698844
2017/8/1,14.7,-0.006825965
2017/8/2,14.6,0.013605652
2017/8/3,14.8,-0.017036187
2017/8/4,14.55,0.003430535
2017/8/7,14.6,0
2017/8/8,14.6,-0.006872879
2017/8/9,14.5,0.173663494
2017/8/10,17.25,0.020086759
2017/8/11,17.6,0.014104606
2017/8/14,17.85,0.005586662
2017/8/15,17.950001,-0.028250465
2017/8/16,17.450001,-0.0028695
2017/8/17,17.4,0.005730675
2017/8/18,17.5,-0.005730675
2017/8/21,17.4,0.005730675
2017/8/22,17.5,-0.014388737
2017/8/23,17.25,-0.011661998
2017/8/24,17.049999,0.051440026
2017/8/25,17.950001,-0.060276549
2017/8/28,16.9,0.014684552
2017/8/29,17.15,0.002911268
2017/8/30,17.200001,0.002902702
2017/8/31,17.25,0.008658063
2017/9/1,17.4,-0.014472033
2017/9/5,17.15,0.00581397
2017/9/6,17.25,-0.017544251
2017/9/7,16.950001,-0.020865197
2017/9/8,16.6,0.008995563
2017/9/11,16.75,-0.005988042
2017/9/12,16.65,0.01194044
2017/9/13,16.85,0
2017/9/14,16.85,0.040703236
2017/9/15,17.549999,0.030858045
2017/9/18,18.1,0.005509711
2017/9/19,18.200001,0.027101928
2017/9/20,18.700001,0.007989337
2017/9/21,18.85,0
2017/9/22,18.85,0.018397417
2017/9/25,19.200001,0.030771556
2017/9/26,19.799999,-0.005063201
2017/9/27,19.700001,0
2017/9/28,19.700001,-0.020513642
2017/9/29,19.299999,0.017972294
2017/10/2,19.65,0.007604549
2017/10/3,19.799999,-0.010152321
2017/10/4,19.6,0.020202707
2017/10/5,20,0.017348638
2017/10/6,20.35,-0.02236118
2017/10/9,19.9,-0.002515725
2017/10/10,19.85,-0.010126669
2017/10/11,19.65,0.015151855
2017/10/12,19.950001,0.00499991
2017/10/13,20.049999,0.024631788
2017/10/16,20.549999,0.009685354
2017/10/17,20.75,0.014354266
2017/10/18,21.049999,-0.004761819
2017/10/19,20.950001,-0.014423375
2017/10/20,20.65,-0.017094483
2017/10/23,20.299999,-0.009901022
2017/10/24,20.1,0
2017/10/25,20.1,-0.012515808
2017/10/26,19.85,0.007528266
2017/10/27,20,-0.012578782
2017/10/30,19.75,0.010075702
2017/10/31,19.950001,0.041723745
2017/11/1,20.799999,0.00240101
2017/11/2,20.85,0.002395211
2017/11/3,20.9,0.011890747
2017/11/6,21.15,-0.028779013
2017/11/7,20.549999,-0.00977998
2017/11/8,20.35,-0.203678217
2017/11/9,16.6,0.011976132
2017/11/10,16.799999,0.101782754
2017/11/13,18.6,-0.058107688
2017/11/14,17.549999,0.036367756
2017/11/15,18.200001,0.010929016
2017/11/16,18.4,0.010810916
2017/11/17,18.6,0.016000341
2017/11/20,18.9,-0.016000341
2017/11/21,18.6,0.021277398
2017/11/22,19,0.028536256
2017/11/24,19.549999,-0.015464175
2017/11/27,19.25,0.020566278
2017/11/28,19.65,-0.002547772
2017/11/29,19.6,0.032625227
2017/11/30,20.25,0.021012256
2017/12/1,20.68,0.026248226
2017/12/4,21.23,-0.022869029
2017/12/5,20.75,-0.02192541
2017/12/6,20.299999,0.009804049
2017/12/7,20.5,0.00486619
2017/12/8,20.6,-0.017136282
2017/12/11,20.25,-0.004950505
2017/12/12,20.15,0.012330612
2017/12/13,20.4,-0.019802627
2017/12/14,20,0.01242252
2017/12/15,20.25,0.033983901
2017/12/18,20.950001,-0.009592447
2017/12/19,20.75,0
2017/12/20,20.75,-0.007255171
2017/12/21,20.6,0.012062872
2017/12/22,20.85,0.004784746
2017/12/26,20.950001,-0.012004946
2017/12/27,20.700001,-0.014598848
2017/12/28,20.4,0.004889985
2017/12/29,20.5,0.033576343
2018/1/2,21.200001,-0.01425207
2018/1/3,20.9,-0.036544871
2018/1/4,20.15,0.014778643
2018/1/5,20.450001,-0.002448031
2018/1/8,20.4,-0.007380107
2018/1/9,20.25,-0.01242252
2018/1/10,20,0.017348638
2018/1/11,20.35,0.014634408
2018/1/12,20.65,-0.017094483
2018/1/16,20.299999,0.004914064
2018/1/17,20.4,-0.017305797
2018/1/18,20.049999,0.019753828
2018/1/19,20.450001,-0.009828138
2018/1/22,20.25,0.017136282
2018/1/23,20.6,0.040433616
2018/1/24,21.450001,-0.016451652
2018/1/25,21.1,0
2018/1/26,21.1,-0.028848154
2018/1/29,20.5,0.007290433
2018/1/30,20.65,-0.014634408
2018/1/31,20.35,0.00977998
2018/2/1,20.549999,-0.044783554
2018/2/2,19.65,-0.033638359
2018/2/5,19,0.013072082
2018/2/6,19.25,0.012903405
2018/2/7,19.5,-0.015504134
2018/2/8,19.200001,0.02824316
2018/2/9,19.75,-0.005076153
2018/2/12,19.65,-0.028389003
2018/2/13,19.1,0.025841231
2018/2/14,19.6,0.010152321
2018/2/15,19.799999,0.020000767
2018/2/16,20.200001,-0.037835532
2018/2/20,19.450001,0.125465435
2018/2/21,22.049999,-0.025259621
2018/2/22,21.5,0.043237724
2018/2/23,22.450001,0.006659248
2018/2/26,22.6,0
2018/2/27,22.6,-0.002214885
2018/2/28,22.549999,0.008830124
2018/3/1,22.75,0.010929071
2018/3/2,23,0.010810916
2018/3/5,23.25,0.01494158
2018/3/6,23.6,0.004228378
2018/3/7,23.700001,-0.02348031
2018/3/8,23.15,0.031883678
2018/3/9,23.9,-0.027573327
2018/3/12,23.25,0.002148186
2018/3/13,23.299999,0.008547103
2018/3/14,23.5,-0.021506205
2018/3/15,23,0.010810916
2018/3/16,23.25,0.027573327
2018/3/19,23.9,-0.00419292
2018/3/20,23.799999,0.047188324
2018/3/21,24.950001,-0.012096962
2018/3/22,24.65,-0.043530188
2018/3/23,23.6,-0.004246291
2018/3/26,23.5,-0.021506205
2018/3/27,23,0.00217151
2018/3/28,23.049999,-0.00217151
2018/3/29,23,-0.01754431
2018/4/2,22.6,0.039050515
2018/4/3,23.5,0.047776479
2018/4/4,24.65,-0.018424226
2018/4/5,24.200001,-0.029352253
2018/4/6,23.5,-0.008547103
2018/4/9,23.299999,0.027515048
2018/4/10,23.950001,-0.004184148
2018/4/11,23.85,0.008350738
2018/4/12,24.049999,-0.008350738
2018/4/13,23.85,0.008350738
2018/4/16,24.049999,0.020576859
2018/4/17,24.549999,-0.016427433
2018/4/18,24.15,-0.01670185
2018/4/19,23.75,-0.02558775
2018/4/20,23.15,0.008602204
2018/4/23,23.35,0.021187233
2018/4/24,23.85,0.010427623
2018/4/25,24.1,0.014418416
2018/4/26,24.450001,0.004081557
2018/4/27,24.549999,-0.012295196
2018/4/30,24.25,0.006166515
2018/5/1,24.4,0.004089985
2018/5/2,24.5,0.004073325
2018/5/3,24.6,0.012121361
2018/5/4,24.9,0.004008021
2018/5/7,25,0.007968209
2018/5/8,25.200001,-0.003976188
2018/5/9,25.1,0.114679508
2018/5/10,28.15,-0.016114905
2018/5/11,27.700001,-0.007246445
2018/5/14,27.5,0.01084998
2018/5/15,27.799999,-0.001800145
2018/5/16,27.75,0.02139119
2018/5/17,28.35,-0.02139119
2018/5/18,27.75,-0.009049836
2018/5/21,27.5,-0.012808958
2018/5/22,27.15,0.016438726
2018/5/23,27.6,-0.001813273
2018/5/24,27.549999,0.003623229
2018/5/25,27.65,0.003610112
2018/5/29,27.75,0
2018/5/30,27.75,-0.02001883
2018/5/31,27.200001,0.02001883
2018/6/1,27.75,0.007181395
2018/6/4,27.950001,-0.008984786
2018/6/5,27.700001,-0.018215439
2018/6/6,27.200001,-0.022305794
2018/6/7,26.6,-0.00565502
2018/6/8,26.450001,0.042559577
2018/6/11,27.6,-0.001813273
2018/6/12,27.549999,0.003623229
2018/6/13,27.65,0.003610112
2018/6/14,27.75,0.016086173
2018/6/15,28.200001,0.024519582
2018/6/18,28.9,0
2018/6/19,28.9,-0.031637085
2018/6/20,28,0
2018/6/21,28,-0.001787275
2018/6/22,27.950001,0.021239666
2018/6/25,28.549999,0.005240257
2018/6/26,28.700001,-0.008748962
2018/6/27,28.450001,0.008748962
2018/6/28,28.700001,-0.00699307
2018/6/29,28.5,0.00873368
2018/7/2,28.75,0.006932471
2018/7/3,28.950001,0.027258893
2018/7/5,29.75,0.039543899
2018/7/6,30.950001,-0.024531074
2018/7/9,30.200001,0.014790705
2018/7/10,30.65,-0.009836145
2018/7/11,30.35,0.022802259
2018/7/12,31.049999,0.0064206
2018/7/13,31.25,-0.001601249
2018/7/16,31.200001,0.009569419
2018/7/17,31.5,-0.001588531
2018/7/18,31.450001,-0.017642831
2018/7/19,30.9,-0.009756175
2018/7/20,30.6,-0.009852329
2018/7/23,30.299999,-0.049037687
2018/7/24,28.85,0.008628181
2018/7/25,29.1,0.013652089
2018/7/26,29.5,-0.027493106
2018/7/27,28.700001,-0.059210189
2018/7/30,27.049999,-0.003703634
2018/7/31,26.950001,-0.003717514
2018/8/1,26.85,0.078752628
2018/8/2,29.049999,-0.027924991
2018/8/3,28.25,0.021016535
2018/8/6,28.85,-0.003472226
2018/8/7,28.75,0.008658063
2018/8/8,29,0.001722619
2018/8/9,29.049999,-0.006908456
2018/8/10,28.85,-0.001734641
2018/8/13,28.799999,0.005194886
2018/8/14,28.950001,-0.008673081
2018/8/15,28.700001,0.008673081
2018/8/16,28.950001,-0.001728643
2018/8/17,28.9,0.006896579
2018/8/20,29.1,0.006849308
2018/8/21,29.299999,-0.010291652
2018/8/22,29,0.001722619
2018/8/23,29.049999,-0.00344821
2018/8/24,28.950001,-0.006932471
2018/8/27,28.75,-0.022868191
2018/8/28,28.1,0.014134511
2018/8/29,28.5,0.013937508
2018/8/30,28.9,0.017153079
2018/8/31,29.4,0.010152405
2018/9/4,29.700001,0.001682053
2018/9/5,29.75,-0.001682053
2018/9/6,29.700001,0.031485583
2018/9/7,30.65,0.04310324
2018/9/10,32,0.006230581
2018/9/11,32.200001,0.047013934
2018/9/12,33.75,0
2018/9/13,33.75,0.016164908
2018/9/14,34.299999,0.051147485
2018/9/17,36.099998,0.017845416
2018/9/18,36.75,0.010825599
2018/9/19,37.150002,-0.021769676
2018/9/20,36.349998,0.019074176
2018/9/21,37.049999,0.017391796
2018/9/24,37.700001,-0.002656124
2018/9/25,37.599998,-0.010695209
2018/9/26,37.200001,-0.006743114
2018/9/27,36.950001,-0.016371525
2018/9/28,36.349998,0.014746336
2018/10/1,36.889999,-0.00761903
2018/10/2,36.610001,-0.025731147
2018/10/3,35.68,-0.037988347
2018/10/4,34.349998,0.109109024
2018/10/5,38.310001,-0.003399167
2018/10/8,38.18,-0.048017834
2018/10/9,36.389999,-0.127308831
2018/10/10,32.040001,-0.034935276
2018/10/11,30.940001,-0.012357946
2018/10/12,30.559999,0.017837411
2018/10/15,31.110001,0.062306039
2018/10/16,33.110001,-0.012154571
2018/10/17,32.709999,0.002137732
2018/10/18,32.779999,-0.011660058
2018/10/19,32.400002,0.007380015
2018/10/22,32.639999,0.010666046
2018/10/23,32.990002,-0.009747381
2018/10/24,32.669998,0.020000788
2018/10/25,33.330002,-0.026449421
2018/10/26,32.459999,0.004610489
2018/10/29,32.610001,0.026627926
2018/10/30,33.490002,0.004171609
2018/10/31,33.630001,0.005042217
2018/11/1,33.799999,0.034887289
2018/11/2,35,-0.015258652
2018/11/5,34.470001,0.013829088
2018/11/6,34.950001,0.047222015
2018/11/7,36.639999,-0.008496611
2018/11/8,36.330002,-0.035582993
2018/11/9,35.060001,0.004553223
2018/11/12,35.220001,-0.01920661
2018/11/13,34.549999,0.042221939
2018/11/14,36.040001,0.011037584
2018/11/15,36.439999,0
2018/11/16,36.439999,-0.026134348
2018/11/19,35.5,-0.014184635
2018/11/20,35,-0.000857482
2018/11/21,34.970001,0.033739411
2018/11/23,36.169998,0.00908227
2018/11/26,36.5,-0.008529451
2018/11/27,36.189999,0.045112362
2018/11/28,37.860001,0.00894037
2018/11/29,38.200001,-0.002358801
2018/11/30,38.110001,0.018716454
2018/12/3,38.830002,-0.042078307
2018/12/4,37.23,0.010420909
2018/12/6,37.619999,-0.023125554
2018/12/7,36.759998,0.012704645
2018/12/10,37.23,0.007226045
2018/12/11,37.5,0.012192014
2018/12/12,37.959999,-0.012192014
2018/12/13,37.5,-0.028125191
2018/12/14,36.459999,-0.035738003
2018/12/17,35.18,-0.034705623
2018/12/18,33.98,-0.007384467
2018/12/19,33.73,-0.051090497
2018/12/20,32.049999,-0.063769155
2018/12/21,30.07,0.007619683
2018/12/24,30.299999,0.029590845
2018/12/26,31.209999,0.017469112
2018/12/27,31.76,-0.013631531
2018/12/28,31.33,0.020534602
2018/12/31,31.98,0.005301805
2019/1/2,32.150002,-0.026155642
2019/1/3,31.32,0.025221987
2019/1/4,32.119999,0.042364984
2019/1/7,33.509998,0.000298434
2019/1/8,33.52,0.023003049
2019/1/9,34.299999,-0.018835136
2019/1/10,33.66,0.007399767
2019/1/11,33.91,0.008808014
2019/1/14,34.209999,0.017961172
2019/1/15,34.830002,0.030536666
2019/1/16,35.91,-0.017132873
2019/1/17,35.299999,-0.003121013
2019/1/18,35.189999,-0.008275036
2019/1/22,34.900002,0.004288698
2019/1/23,35.049999,-0.015816261
2019/1/24,34.5,-0.018134425
2019/1/25,33.880001,-0.003844482
2019/1/28,33.75,0.008555916
2019/1/29,34.040001,-0.045681048
2019/1/30,32.52,-0.012376427
2019/1/31,32.119999,0.006516796
2019/2/1,32.330002,0.035848188
2019/2/4,33.509998,0.019796836
2019/2/5,34.18,-0.009997143
2019/2/6,33.84,-0.000591191
2019/2/7,33.82,0.019617141
2019/2/8,34.490002,0.02066062
2019/2/11,35.209999,0.014940461
2019/2/12,35.740002,0.025415677
2019/2/13,36.66,-0.06858379
2019/2/14,34.23,-0.006153866
2019/2/15,34.02,0.009362269
2019/2/19,34.34,-0.044054712
2019/2/20,32.860001,-0.02652024
2019/2/21,32,0.009640908
2019/2/22,32.310001,-0.006520843
2019/2/25,32.099998,0.019436121
2019/2/26,32.73,-0.022243797
2019/2/27,32.009998,0
2019/2/28,32.009998,-0.005010909
2019/3/1,31.85,0.009063947
2019/3/4,32.139999,-0.005303397
2019/3/5,31.969999,-0.052990371
2019/3/6,30.32,0.000329761
2019/3/7,30.33,0.002962965
2019/3/8,30.42,0.03011398
2019/3/11,31.35,0.009207844
2019/3/12,31.639999,-0.018179388
2019/3/13,31.07,-0.020813759
2019/3/14,30.43,0.009810412
2019/3/15,30.73,0.018378689
2019/3/18,31.299999,-0.002879541
2019/3/19,31.209999,-0.01030605
2019/3/20,30.889999,0.006132051
2019/3/21,31.08,-0.024756965
2019/3/22,30.32,-0.005291018
2019/3/25,30.16,0.00033151
2019/3/26,30.17,0.01087863
2019/3/27,30.5,0.022370879
2019/3/28,31.190001,-0.004498787
2019/3/29,31.049999,0.021978939
2019/4/1,31.74,-0.008225292
2019/4/2,31.48,0.009799383
2019/4/3,31.790001,0.003454203
2019/4/4,31.9,-0.007236149
2019/4/5,31.67,0.005039381
2019/4/8,31.83,-0.001886793
2019/4/9,31.77,0.014995595
2019/4/10,32.25,0.01048745
2019/4/11,32.59,-0.015149525
2019/4/12,32.099998,0.002799846
2019/4/15,32.189999,-0.01187514
2019/4/16,31.809999,-0.003779469
2019/4/17,31.690001,-0.001263057
2019/4/18,31.65,-0.014320022
2019/4/22,31.200001,0.030927015
2019/4/23,32.18,0.00958727
2019/4/24,32.490002,-0.012076443
2019/4/25,32.099998,0.007448886
2019/4/26,32.34,0.01838284
2019/4/29,32.939999,-0.007924424
2019/4/30,32.68,0.025080572
2019/5/1,33.509998,-0.007789075
2019/5/2,33.25,0.023775236
2019/5/3,34.049999,0.012549443
2019/5/6,34.48,-0.029132499
2019/5/7,33.490002,-0.017166631
2019/5/8,32.919998,0.002427246
2019/5/9,33,0.015037877
2019/5/10,33.5,0.005358751
2019/5/13,33.68,0.013272603
2019/5/14,34.130001,0.004968533
2019/5/15,34.299999,-0.01350179
2019/5/16,33.84,0.02394275
2019/5/17,34.66,-0.01189972
2019/5/20,34.25,-0.009092334
2019/5/21,33.939999,0.001472192
2019/5/22,33.990002,-0.002061671
2019/5/23,33.919998,0.010849044
2019/5/24,34.290001,0.007843177
2019/5/28,34.560001,-0.033243272
2019/5/29,33.43,-0.03036978
2019/5/30,32.43,-0.02371406
2019/5/31,31.67,0.003152588
2019/6/3,31.77,0.007838259
2019/6/4,32.02,0.021014401
2019/6/5,32.700001,-0.023829102
2019/6/6,31.93,0.009351689
2019/6/7,32.23,0.005569321
2019/6/10,32.41,0.011046446
2019/6/11,32.77,0.01393962
2019/6/12,33.23,0.024670622
2019/6/13,34.060001,-0.018071888
2019/6/14,33.450001,0.009521018
2019/6/17,33.77,0.002661572
2019/6/18,33.860001,0.00147555
2019/6/19,33.91,-0.036946686
2019/6/20,32.68,-0.028870545
2019/6/21,31.75,0.033754559
2019/6/24,32.84,0.012708129
2019/6/25,33.259998,0.001201953
2019/6/26,33.299999,0.020803158
2019/6/27,34,0.03098554
2019/6/28,35.07,-0.032457181
2019/7/1,33.950001,0.003821877
2019/7/2,34.080002,0.013696761
2019/7/3,34.549999,0.003467181
2019/7/5,34.669998,-0.010437816
2019/7/8,34.310001,0.00145624
2019/7/9,34.360001,0.003196283
2019/7/10,34.470001,0.013829088
2019/7/11,34.950001,0.016740354
2019/7/12,35.540001,-0.011603356
2019/7/15,35.130001,0.018333555
2019/7/16,35.779999,-0.038460773
2019/7/17,34.43,0.01298535
2019/7/18,34.880001,-0.018811175
2019/7/19,34.23,0.000584112
2019/7/22,34.25,0.006112637
2019/7/23,34.459999,0.007516717
2019/7/24,34.720001,0.010885155
2019/7/25,35.099998,0.033065524
2019/7/26,36.279999,-0.012481011
2019/7/29,35.830002,0.004455591
2019/7/30,35.990002,0.013248855
2019/7/31,36.470001,0.01928095
2019/8/1,37.18,-0.004312675
2019/8/2,37.02,-0.000540395
2019/8/5,37,-0.000270253
2019/8/6,36.990002,0.015025692
2019/8/7,37.549999,0.011649668
2019/8/8,37.990002,-0.006337544
2019/8/9,37.75,-0.016290947
2019/8/12,37.139999,0.019200643
2019/8/13,37.860001,-0.02297726
2019/8/14,37,0.011287355
2019/8/15,37.419998,0.016695791
2019/8/16,38.049999,0.00341076
2019/8/19,38.18,-0.007360653
2019/8/20,37.900002,0.017004909
2019/8/21,38.549999,0.020031563
2019/8/22,39.330002,-0.035981699
2019/8/23,37.939999,0.011009338
2019/8/26,38.360001,-0.004703458
2019/8/27,38.18,0.008865769
2019/8/28,38.52,0.005953169
2019/8/29,38.75,-0.004396696
2019/8/30,38.580002,-0.006762106
2019/9/3,38.32,0.007539383
2019/9/4,38.610001,0.004908885
2019/9/5,38.799999,-0.024789294
2019/9/6,37.849998,0.022725361
2019/9/9,38.720001,0.003351737
2019/9/10,38.849998,0.046028546
2019/9/11,40.68,0.003435586
2019/9/12,40.82,-0.005157791
2019/9/13,40.610001,0.005647627
2019/9/16,40.84,0.008776287
2019/9/17,41.200001,-0.015902525
2019/9/18,40.549999,-0.006680713
2019/9/19,40.279999,0.004705941
2019/9/20,40.470001,-0.012932286
2019/9/23,39.950001,-0.009304707
2019/9/24,39.580002,-0.000252735
2019/9/25,39.57,0.011058117
2019/9/26,40.009998,-0.006016514
2019/9/27,39.77,0.013734765
2019/9/30,40.32,-0.011725269
2019/10/1,39.849998,-0.006040718
2019/10/2,39.610001,-0.023242011
2019/10/3,38.700001,-0.022208699
2019/10/4,37.849998,-0.039336943
2019/10/7,36.389999,-0.002751735
2019/10/8,36.290001,-0.004418676
2019/10/9,36.130001,-0.002216737
2019/10/10,36.049999,0.010211183
2019/10/11,36.419998,-0.005506539
2019/10/14,36.220001,-0.005814858
2019/10/15,36.009998,0.006918528
2019/10/16,36.259998,0.010698333
2019/10/17,36.650002,0.008693317
2019/10/18,36.970001,0.01609906
2019/10/21,37.57,-0.009090972
2019/10/22,37.23,0.009889109
2019/10/23,37.599998,-0.003997261
2019/10/24,37.450001,0.007448797
2019/10/25,37.73,0.008445524
2019/10/28,38.049999,0.016680085
2019/10/29,38.689999,-0.001810892
2019/10/30,38.619999,-0.153331005
2019/10/31,33.130001,0.042257726
2019/11/1,34.560001,-0.011056295
2019/11/4,34.18,0.021991598
2019/11/5,34.939999,0.001430087
2019/11/6,34.990002,0.001427931
2019/11/7,35.040001,-0.004863463
2019/11/8,34.869999,0.014802434
2019/11/11,35.389999,0.011797946
2019/11/12,35.810001,0.004458074
2019/11/13,35.970001,-0.009216711
2019/11/14,35.639999,-0.017549248
2019/11/15,35.02,0.015020801
2019/11/18,35.549999,-0.082342495
2019/11/19,32.740002,0.01905963
2019/11/20,33.369999,0.025737347
2019/11/21,34.240002,0.009012912
2019/11/22,34.549999,0.008932548
2019/11/25,34.860001,0.017347228
2019/11/26,35.470001,0.007303375
2019/11/27,35.73,-0.004769233
2019/11/29,35.560001,-0.007621773
2019/12/2,35.290001,-0.004259612
2019/12/3,35.139999,0.013847953
2019/12/4,35.630001,0.011996238
2019/12/5,36.060001,-0.003333392
2019/12/6,35.939999,-0.013445581
2019/12/9,35.459999,0.006745444
2019/12/10,35.700001,-0.014104606
2019/12/11,35.200001,0.032423186
2019/12/12,36.360001,0.000549904
2019/12/13,36.380001,0.014734155
2019/12/16,36.919998,-0.008158844
2019/12/17,36.619999,0.029330773
2019/12/18,37.709999,0.019433437
2019/12/19,38.450001,0.004670481
2019/12/20,38.630001,-0.020398276
2019/12/23,37.849998,0.010512633
2019/12/24,38.25,-0.00787403
2019/12/26,37.950001,0.00052687
2019/12/27,37.970001,-0.00052687
2019/12/30,37.950001,0.004207211
2019/12/31,38.110001,
