PORT_VAL,loss,log return
1,-0.00698756,0.00696326
1.00698756,-0.005236264,0.005186456
1.012223824,0.001120899,-0.001107976
1.011102925,-0.001341467,0.001325857
1.012444392,-0.005163792,0.005087359
1.017608184,0.003793096,-0.003734426
1.013815088,-0.003482595,0.003429252
1.017297683,0.002302963,-0.002266371
1.01499472,-0.002341757,0.002304505
1.017336478,-0.011748996,0.011482603
1.029085474,-0.009207085,0.008907075
1.038292558,-0.00742129,0.007122167
1.045713848,-0.001690554,0.001615346
1.047404402,-0.002816474,0.002685394
1.050220876,-0.00976855,0.009258432
1.059989426,0.001778813,-0.001679551
1.058210614,0.003498513,-0.003311542
1.054712101,0.001339147,-0.001270487
1.053372954,0.001901916,-0.00180718
1.051471039,-0.009429307,0.008927757
1.060900345,-0.004012369,0.003774907
1.064912714,-0.011664116,0.010893568
1.07657683,-0.001030681,0.00095691
1.077607511,-0.005322056,0.004926615
1.082929567,-0.007864002,0.007235546
1.090793569,-0.000337909,0.000309734
1.091131478,0.010132078,-0.009329228
1.0809994,-0.007729799,0.00712516
1.088729199,-0.004683287,0.004292383
1.093412486,0.002379123,-0.00217824
1.091033363,-0.012868136,0.011725435
1.103901498,0.00121275,-0.001099207
1.102688749,0.00369128,-0.003353142
1.098997469,0.002252559,-0.002051752
1.09674491,-0.006365287,0.005787022
1.103110197,-0.00144506,0.00130913
1.104555257,0.003612795,-0.003276175
1.100942461,-0.005553357,0.005031505
1.106495818,0.004986685,-0.004516923
1.101509133,-0.003037909,0.002754155
1.104547041,0.002589116,-0.002346804
1.101957926,0.005922641,-0.005389148
1.096035285,0.015298637,-0.014056492
1.080736648,-0.009675098,0.008912483
1.090411745,-0.009320987,0.008511807
1.099732732,-0.005213892,0.00472985
1.104946624,0.000482164,-0.000436464
1.10446446,-0.01674976,0.015051658
1.12121422,0.003810763,-0.003404571
1.117403457,-0.006168118,0.005504866
1.123571575,0.001722847,-0.001534543
1.121848728,0.000365389,-0.000325755
1.12148334,0.006305927,-0.005638713
1.115177413,0.003337499,-0.002997284
1.111839913,0.00264804,-0.002384515
1.109191873,0.001568858,-0.001415417
1.107623015,-0.01147589,0.010307521
1.119098905,-7.48558E-06,6.68891E-06
1.11910639,0.003045644,-0.002725207
1.116060746,-0.000803022,0.000719256
1.116863768,-0.006537287,0.00583619
1.123401055,-0.002783261,0.002474467
1.126184317,0.007238159,-0.006447896
1.118946158,0.011543226,-0.010369739
1.107402932,-0.003687215,0.003324074
1.111090147,0.012039342,-0.010894745
1.099050805,0.02037334,-0.018711182
1.078677464,-0.00858578,0.007928033
1.087263244,-0.015636969,0.014279514
1.102900213,0.009403329,-0.008562556
1.093496884,-0.005698913,0.005198107
1.099195797,-0.011189905,0.010128615
1.110385702,0.00212318,-0.001913941
1.108262521,0.006786893,-0.006142732
1.101475628,-0.006113996,0.005535384
1.107589625,0.014617918,-0.013285822
1.092971706,0.004175022,-0.003827195
1.088796684,-0.004989673,0.004572272
1.093786357,-0.007280886,0.006634531
1.101067243,0.002919519,-0.002655057
1.098147724,0.003604884,-0.003288095
1.09454284,-0.001290603,0.00117843
1.095833442,-0.000158824,0.000144924
1.095992267,0.005771261,-0.0052797
1.090221005,0.016529657,-0.015277863
1.073691349,0.001310512,-0.001221312
1.072380836,0.007420206,-0.006943426
1.06496063,-0.000197083,0.000185044
1.065157713,0.000316748,-0.000297416
1.064840966,-0.007663928,0.007171475
1.072504894,0.010284417,-0.009635429
1.062220477,0.007468466,-0.007055828
1.05475201,0.00559729,-0.005320867
1.04915472,0.010726894,-0.010276947
1.038427826,0.006671016,-0.006444873
1.031756811,-0.014419287,0.013878714
1.046176098,-0.002612575,0.002494148
1.048788673,-0.001731509,0.001649599
1.050520182,-0.00015644,0.000148906
1.050676622,-2.19408E-05,2.08823E-05
1.050698563,-0.014421932,0.013632693
1.065120495,0.012484739,-0.011790671
1.052635756,0.003213287,-0.003057279
1.049422469,0.024617167,-0.023737338
1.024805302,0.002608336,-0.002548446
1.022196967,-0.004229719,0.004129333
1.026426685,-0.023478308,0.022616145
1.049904993,4.7815E-05,-4.55432E-05
1.049857178,-0.012069826,0.011431052
1.061927005,0.012807952,-0.012134372
1.049119052,-0.012016375,0.011388678
1.061135427,0.015971538,-0.015165788
1.045163889,-0.005269326,0.00502896
1.050433215,-0.009192828,0.008713391
1.059626043,-0.000909537,0.000857989
1.06053558,-0.014804593,0.013863007
1.075340173,0.002010136,-0.001871052
1.073330037,0.024689118,-0.023271037
1.048640919,-0.007141514,0.006787172
1.055782432,0.015050333,-0.014357727
1.0407321,-0.004775357,0.004577964
1.045507456,-0.005538587,0.005283529
1.051046044,-0.001327358,0.001262095
1.052373401,-0.016780257,0.015819367
1.069153658,0.003694404,-0.003461431
1.065459254,-0.010665569,0.009960531
1.076124824,-0.00131102,0.001217538
1.077435844,0.009603239,-0.008953008
1.067832605,0.005454208,-0.005120826
1.062378398,0.009108791,-0.008610929
1.053269606,0.004497437,-0.004279119
1.04877217,0.003284472,-0.003136645
1.045487697,-0.018567326,0.017603631
1.064055024,0.00499078,-0.004701374
1.059064244,-0.000690855,0.000652113
1.059755099,-0.013967599,0.013093925
1.073722698,-0.002314497,0.002153261
1.076037195,0.01302502,-0.012178476
1.063012175,0.005515415,-0.005201985
1.05749676,0.00514454,-0.004876699
1.05235222,-0.002362398,0.002242358
1.054714618,-0.018634121,0.017513198
1.073348739,-0.019002135,0.017548715
1.092350874,0.004286525,-0.003931848
1.088064349,0.007889906,-0.007277741
1.080174443,0.006664982,-0.006189398
1.073509461,0.002603964,-0.002428602
1.070905497,-0.024059063,0.022217448
1.09496456,-0.004953221,0.004513435
1.099917781,-0.007322929,0.006635641
1.10724071,-0.002352913,0.00212277
1.109593624,-0.005457602,0.004906503
1.115051226,0.000738282,-0.000662326
1.114312944,5.82687E-05,-5.22925E-05
1.114254675,-0.000374529,0.000336068
1.114629204,0.00030617,-0.000274721
1.114323033,-0.010502277,0.009380668
1.12482531,-0.004325801,0.003838377
1.129151111,0.002241476,-0.001987072
1.126909635,0.002559047,-0.002273436
1.124350587,0.000989854,-0.000880766
1.123360733,0.008410662,-0.007515222
1.114950071,-0.008957511,0.008001902
1.123907583,0.004272489,-0.003808703
1.119635094,-0.000113198,0.000101098
1.119748292,-0.001367217,0.001220259
1.121115509,0.008718442,-0.007806973
1.112397068,-0.004319733,0.003875745
1.1167168,0.010524146,-0.009468874
1.106192654,0.000621348,-0.000561858
1.105571306,-0.024134601,0.021595119
1.129705907,-0.000772874,0.000683904
1.130478781,0.003647783,-0.003231976
1.126830998,-0.002634084,0.002334876
1.129465083,-0.004737781,0.004185939
1.134202864,-0.012002412,0.010526644
1.146205276,-0.005491202,0.004779327
1.151696478,0.007499512,-0.006533002
1.144196966,-0.001350773,0.001179846
1.145547739,-0.004598918,0.004006564
1.150146657,0.001506339,-0.001310552
1.148640317,0.003006915,-0.002621236
1.145633402,0.004257017,-0.003722784
1.141376385,0.010198624,-0.008975533
1.131177762,0.007214839,-0.006398593
1.123962922,-0.006425647,0.005700677
1.130388569,0.005836799,-0.005176911
1.12455177,0.002556199,-0.00227567
1.121995571,0.001832514,-0.001634598
1.120163057,-0.002800481,0.002496945
1.122963537,-0.013627908,0.012062617
1.136591446,0.002084229,-0.001835437
1.134507217,0.005561028,-0.004913765
1.128946189,0.013325666,-0.011873848
1.115620523,0.010572004,-0.009521531
1.105048519,0.000775256,-0.000701804
1.104273263,-0.000737503,0.00066764
1.105010766,-0.012705922,0.011432855
1.117716688,-0.011947719,0.010632671
1.129664408,-0.006240511,0.005509014
1.135904919,0.000828831,-0.000729932
1.135076087,0.021602432,-0.019215138
1.113473656,0.002307463,-0.002074461
1.111166192,0.010256706,-0.009273444
1.100909486,0.003436305,-0.003126214
1.097473181,-0.003696583,0.003362607
1.101169764,0.002704278,-0.002458844
1.098465486,-0.003746235,0.003404624
1.102211721,-0.019278351,0.017339406
1.121490072,0.008256981,-0.007389747
1.113233091,-0.012432783,0.011106272
1.125665874,-0.007298198,0.006462523
1.132964072,0.022646315,-0.020191029
1.110317758,0.01467604,-0.013306007
1.095641718,0.001537889,-0.001404628
1.094103829,0.004305463,-0.003942913
1.089798366,0.005407811,-0.004974565
1.084390555,0.016661779,-0.015484376
1.067728776,-0.000460825,0.0004315
1.068189601,-0.005267342,0.004918975
1.073456943,-0.02128984,0.01963886
1.094746783,0.001234204,-0.001128024
1.093512579,-0.006636854,0.006050955
1.100149433,-0.015841536,0.014296752
1.115990969,-0.002206909,0.00197558
1.118197877,0.007207902,-0.006466864
1.110989975,-0.010535718,0.009438497
1.121525694,-0.000568042,0.000506363
1.122093736,0.001717407,-0.001531711
1.120376329,0.006814102,-0.006100546
1.113562227,-0.001456083,0.001306736
1.115018311,-0.002972793,0.00266259
1.117991103,-0.005529151,0.004933423
1.123520254,-0.003836891,0.003409243
1.127357145,-0.002535195,0.00224627
1.12989234,-0.00585194,0.005165836
1.13574428,0.002850108,-0.002512617
1.132894172,0.00609076,-0.005390787
1.126803412,0.002424259,-0.002153765
1.124379153,-0.008963922,0.007940719
1.133343075,-0.010323365,0.009067538
1.14366644,0.006019212,-0.005276982
1.137647228,-0.007171677,0.006284168
1.144818904,0.006556704,-0.005743749
1.1382622,0.003098298,-0.002725666
1.135163902,0.008052919,-0.007119341
1.127110983,-0.003037888,0.002691662
1.130148871,0.011495586,-0.010223831
1.118653285,-0.016236112,0.014409661
1.134889397,-0.02915263,0.025363255
1.164042027,0.001619043,-0.001391848
1.162422984,-0.006984047,0.005990204
1.169407031,0.008244736,-0.007075327
1.161162295,0.007219439,-0.006236833
1.153942856,-0.002368873,0.002050747
1.156311729,-0.004499558,0.00388375
1.160811287,-0.002451504,0.002109661
1.163262791,-0.000433273,0.000372394
1.163696064,-0.003843163,0.003297108
1.167539227,0.00217608,-0.001865557
1.165363147,-0.008866793,0.00757981
1.17422994,-0.002887695,0.002456206
1.177117635,-0.00095741,0.00081302
1.178075044,-0.002791502,0.002366742
1.180866546,-0.005759595,0.004865575
1.186626142,-0.010906053,0.00914883
1.197532195,-0.001110744,0.000927098
1.198642939,-0.002674268,0.002228595
1.201317208,0.002637726,-0.002198109
1.198679481,0.002795845,-0.002335162
1.195883636,-0.012094525,0.010062664
1.207978161,0.012506257,-0.010407015
1.195471904,-0.009591529,0.007991201
1.205063433,-0.005058025,0.004188526
1.210121458,0.002695528,-0.00222997
1.20742593,-0.006570711,0.005427163
1.213996642,-0.003770399,0.003100961
1.21776704,-0.000972046,0.000797901
1.218739086,0.001512717,-0.001241986
1.217226369,-0.000710941,0.000583896
1.21793731,0.002455496,-0.002018145
1.215481814,-0.000528764,0.00043493
1.216010579,0.010596813,-0.008752601
1.205413766,0.00788783,-0.006565174
1.197525936,-0.009350032,0.007777468
1.206875969,0.020024474,-0.016731179
1.186851495,-0.015564226,0.013028635
1.20241572,-0.012282206,0.010162792
1.214697926,-0.000770975,0.000634503
1.215468901,-0.004432545,0.003640144
1.219901446,-0.003836293,0.003139822
1.223737739,-0.008169105,0.006653353
1.231906844,-0.000568266,0.000461183
1.23247511,0.001882577,-0.001528644
1.230592533,-0.004419128,0.003584624
1.23501166,-0.00078819,0.000638001
1.23579985,0.004874191,-0.003951957
1.230925659,-0.002546776,0.002066855
1.233472435,-0.001741786,0.001411103
1.235214221,0.0059917,-0.004862541
1.22922252,0.004305734,-0.00350896
1.224916786,0.001401479,-0.001144797
1.223515307,-0.007001902,0.005706462
1.23051721,0.008646221,-0.007051295
1.221870989,-0.019824069,0.016094147
1.241695058,0.004032845,-0.00325314
1.237662213,-0.00719892,0.005799696
1.244861133,0.00222433,-0.001788408
1.242636803,-0.004698576,0.003774003
1.247335379,0.007416052,-0.005963261
1.239919327,-0.005113573,0.004115637
1.245032901,0.007409884,-0.005969338
1.237623016,-0.010954255,0.008812103
1.248577271,6.5841E-05,-5.27342E-05
1.24851143,-0.00899632,0.0071798
1.257507751,-0.008231734,0.006524738
1.265739485,-0.011823374,0.009297722
1.277562859,-0.002857162,0.002233919
1.280420021,-0.004012881,0.003129134
1.284432902,0.020674697,-0.016227316
1.263758205,-0.011671207,0.009192932
1.275429412,0.008832376,-0.006949111
1.266597036,0.008858758,-0.007018714
1.257738278,-0.015682809,0.012391958
1.273421087,-0.008400725,0.006575309
1.281821812,-0.011252088,0.008739895
1.2930739,0.000856937,-0.000662933
1.292216963,-0.007608208,0.005870452
1.299825171,0.000855195,-0.000658147
1.298969976,-0.010078187,0.007728656
1.309048163,-0.003087797,0.002356033
1.31213596,0.011020373,-0.008434273
1.301115588,-0.011016584,0.008431385
1.312132172,-0.014935485,0.011318313
1.327067657,-0.00145928,0.001099024
1.328526937,-0.003087226,0.0023211
1.331614163,-0.00824603,0.006173413
1.339860193,0.003718156,-0.00277889
1.336142037,-0.011678024,0.008702133
1.347820061,-0.00122489,0.000908381
1.349044951,-0.012016595,0.008868046
1.361061547,-0.011294833,0.008264304
1.37235638,0.010601706,-0.007755178
1.361754674,-0.012040391,0.008802961
1.373795065,-0.000347244,0.000252731
1.374142309,-0.004598756,0.00334105
1.378741064,0.010800276,-0.007864276
1.367940788,0.009511227,-0.006977236
1.358429562,-1.38591E-05,1.02022E-05
1.358443421,-0.008605391,0.006314763
1.367048811,0.013476149,-0.00990675
1.353572663,-0.002935014,0.002165999
1.356507677,0.018427901,-0.013677929
1.338079776,-0.010058166,0.007488755
1.348137942,0.005156565,-0.003832287
1.342981377,0.021102413,-0.015837869
1.321878965,-0.007625312,0.005751966
1.329504277,-0.0188361,0.014068337
1.348340377,-0.000711762,0.000527741
1.349052138,0.01184782,-0.008821121
1.337204318,0.009442682,-0.007086561
1.327761635,-0.01401685,0.010501418
1.341778485,0.009773313,-0.007310507
1.332005172,-0.010115656,0.007565615
1.342120828,-0.008245579,0.006124898
1.350366407,0.011677956,-0.008685601
1.338688451,0.032526565,-0.024597388
1.306161886,-0.006497317,0.004962027
1.312659203,0.012064793,-0.009233607
1.30059441,-0.007531483,0.005774098
1.308125892,-0.012954231,0.009854181
1.321080123,-0.009808409,0.007397112
1.330888533,0.002101953,-0.001580609
1.328786579,-0.003357288,0.002523395
1.332143867,-0.000854765,0.00064144
1.332998632,-0.001686562,0.001264439
1.334685194,-0.009319949,0.006958614
1.344005142,-0.007987537,0.005925495
1.35199268,-0.010506914,0.007741386
1.362499593,-0.001719226,0.001261022
1.364218819,-0.018768901,0.013664202
1.38298772,-0.003302247,0.002384917
1.386289967,-0.001033337,0.00074512
1.387323305,0.001603369,-0.001156397
1.385719936,0.001137606,-0.000821286
1.38458233,5.00119E-05,-3.61213E-05
1.384532318,0.013791538,-0.010011097
1.37074078,-0.002260867,0.001648017
1.373001647,0.001551801,-0.001130864
1.371449846,0.007579475,-0.005541943
1.363870371,0.006091625,-0.004476429
1.357778746,0.003021452,-0.00222777
1.354757295,0.00455638,-0.003368913
1.350200915,-0.006436456,0.00475571
1.356637371,0.000205073,-0.000151174
1.356432299,-0.019459577,0.014244215
1.375891876,-0.013472037,0.009743868
1.389363912,0.007155127,-0.005163237
1.382208786,0.005890223,-0.004270563
1.376318563,0.004950716,-0.003603556
1.371367847,-0.010654405,0.007739156
1.382022252,0.005750202,-0.004169396
1.37627205,-0.003814512,0.002767792
1.380086562,-0.000762214,0.000552142
1.380848776,0.006147902,-0.004462204
1.374700873,0.018077079,-0.013237051
1.356623794,0.000652639,-0.000481191
1.355971156,0.007210381,-0.005331691
1.348760775,0.001830306,-0.001357949
1.346930469,0.009736261,-0.007254733
1.337194208,-0.012412804,0.009239904
1.349607012,-0.010970204,0.008095585
1.360577216,0.00695134,-0.005122207
1.353625877,0.01780817,-0.013243208
1.335817706,0.00034585,-0.000258939
1.335471856,-0.004148174,0.003101335
1.33962003,0.005398765,-0.004038214
1.334221265,-0.001250092,0.000936507
1.335471358,-0.006659991,0.004974602
1.342131348,0.002802888,-0.002090569
1.33932846,0.001514105,-0.001131135
1.337814355,-0.017358304,0.012891666
1.355172659,-0.015156294,0.011121953
1.370328954,-0.009614524,0.006991717
1.379943477,0.001646275,-0.001193714
1.378297202,-0.005483114,0.003970287
1.383780316,-0.006828083,0.004922235
1.390608399,-0.001727364,0.001241393
1.392335763,-0.019902874,0.01419339
1.412238637,-0.000464256,0.000328683
1.412702893,0.017513481,-0.01247463
1.395189411,0.003629701,-0.002604973
1.39155971,0.001747322,-0.001256446
1.389812388,0.006672638,-0.00481267
1.38313975,-0.007822455,0.005639646
1.390962205,-0.00139843,0.001004864
1.392360635,0.010584837,-0.007631123
1.381775798,-0.003786927,0.002736875
1.385562725,0.000230427,-0.000166319
1.385332298,0.006941911,-0.005023605
1.378390386,-0.004918402,0.00356187
1.383308788,0.013731175,-0.009975921
1.369577613,0.008950305,-0.006556532
1.360627308,-0.006089177,0.004465288
1.366716486,-0.027734406,0.020089575
1.394450892,-0.007377016,0.005276321
1.401827907,-0.005959901,0.004242509
1.407787809,0.010522719,-0.007502723
1.39726509,-0.014097724,0.010038954
1.411362814,-0.006676601,0.004719452
1.418039415,-0.005345414,0.003762494
1.42338483,0.000783841,-0.00055084
1.422600988,-0.008174189,0.005729501
1.430775177,0.016406653,-0.011533221
1.414368524,-0.005380853,0.003797202
1.419749378,-0.005097173,0.003583763
1.42484655,-0.001888481,0.001324515
1.426735032,-0.007703532,0.005384889
1.434438564,0.00262913,-0.001834545
1.431809434,0.005105095,-0.003571856
1.426704339,-0.003031507,0.002122578
1.429735846,-0.000702923,0.000491524
1.430438769,-0.001963143,0.001371465
1.432401912,-0.012382668,0.008607537
1.444784579,0.018910394,-0.013175141
1.425874186,-0.019563232,0.013626898
1.445437417,-0.000978226,0.000676539
1.446415644,-0.000142092,9.82324E-05
1.446557736,-0.015598417,0.010725405
1.462156153,-0.006362148,0.00434177
1.468518301,-0.004902062,0.003332542
1.473420363,0.008345639,-0.005680228
1.465074724,0.005682585,-0.003886242
1.459392139,0.005009034,-0.003438178
1.454383105,-0.004216486,0.002894963
1.458599591,-0.005197369,0.003556926
1.46379696,-0.007824015,0.00533078
1.471620975,-3.76781E-05,2.56028E-05
1.471658653,-0.002826103,0.00191851
1.474484755,0.000119495,-8.10449E-05
1.474365261,0.003520037,-0.002390347
1.470845224,0.003393299,-0.002309706
1.467451925,-0.000330583,0.000225252
1.467782508,0.01008394,-0.006893895
1.457698568,-0.014706701,0.010038432
1.472405269,0.000231408,-0.000157176
1.472173861,0.006727764,-0.004580426
1.465446098,0.01299128,-0.008904597
1.452454818,0.010038393,-0.006935323
1.442416425,0.002535313,-0.001759231
1.439881112,-0.003601921,0.002498417
1.443483033,0.004746936,-0.003293948
1.438736097,-0.022932965,0.015813958
1.461669062,0.006986183,-0.004791051
1.454682879,-0.007286465,0.004996469
1.461969344,-0.004981434,0.003401553
1.466950778,-0.0047085,0.003204579
1.471659278,-0.009986057,0.006762658
1.481645335,-0.000797986,0.000538436
1.482443321,-0.003229744,0.002176293
1.485673066,-0.00260285,0.001750434
1.488275916,0.010901726,-0.007352031
1.477374189,0.003689151,-0.002500223
1.473685038,0.007094395,-0.004825676
1.466590643,-0.008812274,0.0059907
1.475402917,0.004532347,-0.003076666
1.47087057,0.004371916,-0.002976759
1.466498654,-0.004208555,0.002865688
1.470707209,0.020619129,-0.01411908
1.45008808,-0.013785818,0.009461977
1.463873898,-0.009500179,0.006468784
1.473374077,0.002014918,-0.00136849
1.471359159,0.009069224,-0.006182916
1.462289935,0.0002371,-0.000162156
1.462052835,0.00382497,-0.002619592
1.458227865,0.011855379,-0.00816322
1.446372486,0.017068673,-0.011871207
1.429303812,-0.000375156,0.00026244
1.429678968,-0.009929619,0.006921341
1.439608587,0.015757121,-0.011005762
1.423851466,-0.013900248,0.009715084
1.437751715,0.003567098,-0.002484108
1.434184617,0.030926746,-0.021799893
1.403257871,-0.001830004,0.001303261
1.405087875,-0.001441115,0.001025115
1.40652899,-0.014333927,0.010139415
1.420862917,-0.016013328,0.011207108
1.436876245,-0.001700537,0.001182796
1.438576782,-0.016258376,0.011238322
1.454835159,-0.006628243,0.004545662
1.461463401,-0.007977332,0.005443612
1.469440733,-0.011157234,0.007564164
1.480597968,0.002241039,-0.001514751
1.478356929,0.004910228,-0.003326937
1.4734467,-0.009888882,0.006688973
1.483335582,-0.002817773,0.001897817
1.486153355,-0.005648053,0.003793248
1.491801408,-0.004123541,0.002760322
1.495924949,-0.004235391,0.002827285
1.50016034,-0.002077845,0.001384124
1.502238186,-0.003193637,0.002123663
1.505431823,0.013514224,-0.009017511
1.491917599,-0.019134739,0.012744049
1.511052337,0.007511098,-0.004983168
1.503541239,-0.00414838,0.002755273
1.507689619,-0.001213525,0.000804567
1.508903144,0.005288392,-0.003510948
1.503614752,-0.000146368,9.73396E-05
1.50376112,-0.000590001,0.000392273
1.504351121,0.018352964,-0.01227495
1.485998157,0.003965534,-0.002672167
1.482032623,-0.011576494,0.007780878
1.493609117,-0.012397504,0.008266108
1.506006621,0.006739283,-0.004484978
1.499267338,-0.006583778,0.004381716
1.505851115,0.006433276,-0.004281338
1.499417839,-0.000948607,0.00063245
1.500366446,-0.003707261,0.002467856
1.504073708,0.007495555,-0.004995961
1.496578153,0.001703164,-0.001138687
1.494874989,-0.00930827,0.006207482
1.504183259,-0.009479869,0.00628256
1.513663128,-0.011730937,0.007720154
1.525394065,-0.00613242,0.00401216
1.531526485,0.001972989,-0.001289081
1.529553495,0.019183831,-0.012621428
1.510369664,0.010453207,-0.006945021
1.499916457,-0.012116393,0.008045592
1.512032849,-0.007551285,0.004981698
1.519584134,0.027371641,-0.018176788
1.492212493,0.01053416,-0.007084459
1.481678333,-0.013800615,0.009271068
1.495478948,-0.003343352,0.002233144
1.4988223,-0.014618143,0.009705832
1.513440442,-0.002880326,0.001901356
1.516320768,-0.00324488,0.002137683
1.519565648,-0.00710508,0.004664833
1.526670727,0.002566432,-0.001682479
1.524104295,-0.005939685,0.00388959
1.53004398,0.00959236,-0.006289071
1.52045162,-0.008546875,0.005605533
1.528998495,-0.002056635,0.001344183
1.53105513,-0.001515685,0.000989472
1.532570815,0.000758061,-0.000494756
1.531812754,0.003933972,-0.002571484
1.527878782,0.001901377,-0.00124523
1.525977405,0.014816674,-0.009757074
1.511160731,-0.007152779,0.004722134
1.51831351,-0.004768539,0.00313576
1.523082049,-0.001580315,0.001037039
1.524662365,-0.012875007,0.008409042
1.537537372,-0.002644061,0.001718196
1.540181434,0.011375132,-0.007412988
1.528806301,0.016031701,-0.010541787
1.5127746,-0.007287797,0.004805937
1.520062398,-0.001058806,0.000696312
1.521121203,0.012496189,-0.008249047
1.508625014,-0.010687927,0.007059571
1.519312941,-0.004763109,0.003130137
1.52407605,-0.007170481,0.004693772
1.531246531,-0.006319454,0.004118507
1.537565985,0.002057131,-0.00133881
1.535508854,-0.008819776,0.005727445
1.54432863,-0.00711211,0.004594737
1.55144074,-0.002735167,0.001761433
1.554175907,0.002961853,-0.001907557
1.551214054,-0.001670274,0.001076174
1.552884329,-0.010222536,0.006561362
1.563106865,-0.006703716,0.004279542
1.569810581,-0.001155686,0.000735924
1.570966267,0.001723683,-0.001097814
1.569242584,0.006436875,-0.004110335
1.562805709,0.010107038,-0.006488242
1.552698671,-0.001507552,0.000970453
1.554206223,-0.002628069,0.001689511
1.556834291,-0.004762238,0.003054255
1.56159653,-0.010681549,0.006816859
1.572278079,0.001750524,-0.001113988
1.570527555,-0.000967968,0.000616143
1.571495522,0.002187017,-0.001392648
1.569308505,0.009778827,-0.006250792
1.559529678,-0.008706615,0.00556732
1.568236294,0.004362856,-0.002785892
1.563873437,-0.008081184,0.00515411
1.571954621,0.001807399,-0.00115044
1.570147222,-0.012839324,0.008143895
1.582986546,-0.001001698,0.00063259
1.583988243,-0.007443474,0.004688191
1.591431717,0.003591317,-0.002259208
1.587840401,0.0073322,-0.004628413
1.580508201,-0.011006933,0.006940035
1.591515133,0.010801158,-0.006809849
1.580713975,-0.001929597,0.001219968
1.582643572,-0.005655644,0.003567172
1.588299216,-0.001701063,0.001070424
1.590000279,-0.007631522,0.004788217
1.597631802,0.008657547,-0.005433723
1.588974255,-0.003692359,0.002321042
1.592666614,0.002870488,-0.001803942
1.589796126,-0.002652341,0.001666963
1.592448467,0.002644757,-0.001662192
1.58980371,0.004425613,-0.00278763
1.585378097,0.008310411,-0.005255698
1.577067686,0.001791511,-0.001136622
1.575276175,0.003558465,-0.002261502
1.57171771,-0.000418564,0.000266275
1.572136274,0.03029143,-0.019455728
1.541844845,-0.000220022,0.00014269
1.542064866,-0.006899078,0.004463944
1.548963944,0.00458946,-0.002967321
1.544374484,-0.003035683,0.00196371
1.547410167,0.004838203,-0.003131544
1.542571964,-0.027678512,0.017784015
1.570250475,-0.00208581,0.001327448
1.572336285,-6.21034E-05,3.94968E-05
1.572398389,-0.008255224,0.005236351
1.580653613,-0.003883696,0.002454005
1.584537309,-0.000305886,0.000193026
1.584843195,-0.013915224,0.008741868
1.598758419,-0.014306347,0.008908611
1.613064766,-0.003869428,0.002395932
1.616934194,-0.003708372,0.002290833
1.620642566,0.003022451,-0.001866712
1.617620114,-0.006046417,0.003730879
1.623666532,-0.002247018,0.001382959
1.62591355,0.000549887,-0.000338259
1.625363663,-0.000392355,0.000241366
1.625756018,-0.00494324,0.003035966
1.630699258,0.000343742,-0.000210816
1.630355516,0.003535633,-0.002170982
1.626819883,-0.010042735,0.006154254
1.636862617,-0.012391383,0.007541693
1.649254001,0.005368828,-0.003260617
1.643885173,0.009525561,-0.005811395
1.634359611,-0.004527366,0.002766286
1.638886977,0.003969032,-0.002424722
1.634917945,0.006815969,-0.004177712
1.628101976,0.001641656,-0.001008834
1.62646032,-0.0094301,0.005781185
1.635890419,-0.000513603,0.00031391
1.636404022,-0.010505465,0.006399329
1.646909487,0.001736535,-0.001054977
1.645172953,0.010955928,-0.006681712
1.634217024,0.011290374,-0.006932712
1.62292665,-0.01694064,0.010384224
1.63986729,0.022608087,-0.013882451
1.617259203,-0.028551449,0.017500194
1.645810652,0.005062264,-0.003080589
1.640748388,0.00529886,-0.003234765
1.635449528,0.017421157,-0.010709354
1.618028371,-0.000872352,0.000538999
1.618900723,-0.015485638,0.009520067
1.634386361,0.002072493,-0.00126886
1.632313868,0.020222324,-0.012466128
1.612091544,-0.024985939,0.015380198
1.637077483,0.027265149,-0.01679502
1.609812333,0.017477953,-0.010916506
1.592334381,0.022160164,-0.014014525
1.570174216,-0.004379479,0.002785285
1.574553695,0.01509456,-0.009632811
1.559459135,-0.00126611,0.000811561
1.560725245,-0.015294546,0.009751935
1.576019792,-0.017196921,0.010852513
1.593216713,-0.027396437,0.017049503
1.620613149,0.013742641,-0.008516061
1.606870508,-0.020711097,0.012806732
1.627581605,-0.014795864,0.009049633
1.64237747,-0.001255528,0.000764166
1.643632998,-0.018844068,0.011399664
1.662477066,0.002560892,-0.001541595
1.659916174,-0.005309963,0.003193829
1.665226137,-0.023785413,0.014182544
1.68901155,-0.001593946,0.00094327
1.690605496,-0.001033917,0.000611379
1.691639413,-0.010210459,0.006017694
1.701849872,-0.007617747,0.004466169
1.709467619,0.001433023,-0.000838638
1.708034596,-0.00846511,0.004943812
1.716499705,0.000378154,-0.00022033
1.716121551,-0.001082795,0.000630756
1.717204346,-0.008429347,0.004896753
1.725633693,0.001161172,-0.000673122
1.724472521,0.000459592,-0.000266547
1.724012929,-0.005063253,0.002932595
1.729076182,-0.002608332,0.001507375
1.731684513,-0.006105208,0.003519389
1.737789721,-0.011518367,0.006606301
1.749308088,-0.001734218,0.000990882
1.751042306,0.002640907,-0.00150933
1.748401399,-0.005674779,0.00324044
1.754076178,-0.007028672,0.003999044
1.76110485,0.009494559,-0.005405837
1.751610291,-0.007791981,0.004438602
1.759402272,-0.004843045,0.002748883
1.764245317,-0.002935717,0.001662624
1.767181034,0.000118301,-6.69458E-05
1.767062733,0.014412335,-0.00818954
1.752650397,0.005159794,-0.002948337
1.747490604,0.023297621,-0.013421713
1.724192983,-0.007530408,0.004357987
1.731723391,0.022352144,-0.012991481
1.709371247,0.010572444,-0.006204196
1.698798803,0.019402778,-0.011487195
1.679396025,-0.028428903,0.016786369
1.707824928,-0.03493877,0.020251597
1.742763699,-0.003212801,0.001841812
1.7459765,-0.015430806,0.008799097
1.761407306,-0.00639787,0.003625669
1.767805176,0.002105237,-0.001191586
1.76569994,-0.00539472,0.003050629
1.77109466,0.003232646,-0.001826893
1.767862014,0.009920772,-0.005627539
1.757941242,0.015322648,-0.008754455
1.742618594,0.002947991,-0.001693134
1.739670603,0.03053749,-0.017709496
1.709133113,0.014690368,-0.008632367
1.694442745,-0.027100649,0.015867288
1.721543394,-0.035540549,0.020434374
1.757083942,0.016565349,-0.009472473
1.740518594,0.008788761,-0.005062299
1.731729833,0.005593485,-0.003235226
1.726136348,0.014905479,-0.008672668
1.711230869,0.009112615,-0.005339411
1.702118254,-0.018733039,0.010945599
1.720851293,-0.001579389,0.000917375
1.722430683,-0.004691277,0.002719935
1.72712196,-0.030159578,0.017311618
1.757281538,0.007771311,-0.004432156
1.749510227,-0.004212576,0.002404966
1.753722803,0.052954049,-0.030660487
1.700768755,0.019558049,-0.011566165
1.681210706,-0.021794501,0.012880267
1.703005207,0.037548532,-0.022295094
1.665456675,-0.01854482,0.011073438
1.684001495,-0.027081306,0.015953584
1.711082801,0.000766989,-0.000448349
1.710315812,-0.016720335,0.00972869
1.727036146,0.00972008,-0.005644083
1.717316066,0.006036622,-0.003521342
1.711279444,-0.019493762,0.011326945
1.730773206,0.006451943,-0.003734746
1.724321262,-0.022681081,0.013067871
1.747002343,-0.008179888,0.004671315
1.755182232,-0.000685922,0.000390722
1.755868154,-0.004032013,0.002293675
1.759900166,0.01014769,-0.005782748
1.749752476,-0.014546274,0.008278967
1.764298749,0.000820288,-0.000465045
1.763478461,-0.014389311,0.008126508
1.777867772,0.002658954,-0.001496706
1.775208818,0.002484332,-0.001400439
1.772724485,0.007259043,-0.004103258
1.765465442,-0.013209075,0.007454071
1.778674517,0.011531088,-0.006504073
1.767143428,0.009175627,-0.005205877
1.757967801,-0.008699045,0.00493615
1.766666846,0.024981284,-0.014241275
1.741685563,-0.010481245,0.005999839
1.752166807,0.020613356,-0.011834243
1.731553452,0.005438295,-0.003145645
1.726115157,-0.017097739,0.009856593
1.743212896,0.009749357,-0.00560845
1.733463539,-0.021256369,0.012187795
1.754719908,0.007397514,-0.004224692
1.747322394,-0.018621446,0.010600745
1.76594384,0.005734646,-0.003252639
1.760209194,-0.028907393,0.016289309
1.789116587,0.006113564,-0.003422937
1.783003023,0.010259259,-0.005770539
1.772743764,0.035717588,-0.020353939
1.737026175,0.005114972,-0.002949016
1.731911203,-0.006635641,0.003824077
1.738546844,-0.016046261,0.009187364
1.754593105,0.019698252,-0.011290173
1.734894853,0.007342056,-0.004240969
1.727552797,-0.005390919,0.003115694
1.732943716,-0.018539308,0.010641339
1.751483024,0.005961956,-0.003409754
1.745521068,-0.007640559,0.004367685
1.753161627,-0.004732355,0.002695689
1.757893982,-0.008516524,0.004833033
1.766410506,0.009516665,-0.005402138
1.756893841,-0.001832754,0.001042635
1.758726595,-0.009420344,0.00534205
1.76814694,0.003294756,-0.001865133
1.764852184,0.021650028,-0.012343197
1.743202156,-0.016562182,0.00945616
1.759764338,-0.000461232,0.000262064
1.76022557,-0.008045774,0.004560462
1.768271344,-0.001969604,0.001113239
1.770240948,-0.017622637,0.009905713
1.787863585,0.003589318,-0.00200962
1.784274267,-0.006298202,0.003523625
1.790572469,0.008335742,-0.00466622
1.782236727,0.014039724,-0.007908779
1.768197003,-0.020723923,0.011652218
1.788920925,-0.001140222,0.000637177
1.790061148,0.021025311,-0.011815107
1.769035837,0.005234002,-0.00296306
1.763801835,-0.011308823,0.006391151
1.775110658,-0.012060619,0.006771314
1.787171276,0.01005349,-0.005641246
1.777117786,-0.000704227,0.000396196
1.777822014,0.003276197,-0.001844515
1.774545817,-0.019392284,0.010868747
1.793938101,-0.007322792,0.004073656
1.801260892,-0.001501511,0.000833242
1.802762403,0.013504709,-0.007519319
1.789257694,0.002208656,-0.00123516
1.787049039,-0.002189934,0.001224697
1.789238973,0.007429117,-0.004160754
1.781809856,0.016174385,-0.009118955
1.76563547,-0.018802039,0.010592579
1.784437509,0.002130652,-0.001194732
1.782306858,0.014196307,-0.007997022
1.768110551,-0.006035198,0.003407548
1.774145749,0.00413812,-0.002335182
1.770007629,-0.004421322,0.002494796
1.774428951,0.011129985,-0.006292186
1.763298966,0.006910649,-0.003926859
1.756388317,0.012100893,-0.006913489
1.744287424,-0.001989657,0.00114002
1.746277081,-0.01948158,0.011094295
1.765758661,-0.004288232,0.002425605
1.770046893,0.013106698,-0.007432269
1.756940196,0.010248613,-0.005850296
1.746691583,-0.010795575,0.006161563
1.757487158,-0.006583885,0.003739193
1.764071043,-0.016148946,0.009112716
1.780219989,0.005082763,-0.002859215
1.775137227,-0.006965575,0.003916286
1.782102802,0.003921186,-0.002202738
1.778181616,0.012797021,-0.007222711
1.765384595,0.007100165,-0.00402999
1.758284429,-0.005148664,0.002923953
1.763433093,0.033297605,-0.019062808
1.730135488,-0.000558316,0.000322649
1.730693804,-0.014162724,0.008149962
1.744856528,0.000576212,-0.000330289
1.744280316,0.004043395,-0.002320779
1.740236921,-0.010953576,0.006274575
1.751190497,0.024789754,-0.014257095
1.726400743,0.000516148,-0.000299018
1.725884594,-0.017725808,0.01021818
1.743610402,-0.023667563,0.013482583
1.767277966,-0.00424911,0.002401439
1.771527076,0.001294449,-0.000730964
1.770232627,-0.012382109,0.006970274
1.782614736,0.004251437,-0.002387793
1.778363299,0.004712097,-0.002653198
1.773651202,0.004196912,-0.00236906
1.76945429,0.011998427,-0.006803957
1.757455863,0.007315267,-0.004171106
1.750140596,0.014834807,-0.00851248
1.735305789,0.011877613,-0.006868212
1.723428177,-0.020481214,0.011813936
1.74390939,-0.014361673,0.008201607
1.758271063,0.002405747,-0.001369183
1.755865317,0.000729135,-0.000415343
1.755136182,0.002525757,-0.001440102
1.752610425,0.001638504,-0.00093533
1.750971922,-0.007858674,0.004478136
1.758830595,0.01209092,-0.006898146
1.746739676,-0.015971619,0.009102124
1.762711294,-0.025750731,0.014502915
1.788462026,0.015957913,-0.008962747
1.772504112,-0.001608433,0.000907024
1.774112546,0.003564331,-0.002011099
1.770548214,-0.007120396,0.004013512
1.77766861,-0.00152925,0.000859886
1.77919786,0.003610954,-0.002031603
1.775586906,0.01599942,-0.009051621
1.759587485,0.032534276,-0.018662789
1.727053209,0.057631589,-0.033939378
1.66942162,0.060491965,-0.036908084
1.608929655,0.019912915,-0.012453725
1.589016739,-0.068184809,0.042014944
1.657201548,-0.037960841,0.022648176
1.69516239,0.000801303,-0.000472812
1.694361087,0.01286297,-0.007620598
1.681498117,0.047423081,-0.028608215
1.634075036,-0.035418829,0.021443589
1.669493865,-0.003281201,0.001963458
1.672775065,0.029740181,-0.017938892
1.643034885,-0.044385192,0.02665571
1.687420077,0.027859478,-0.016647913
1.659560599,0.000903863,-0.000544788
1.658656736,-0.007405588,0.004454873
1.666062324,0.006452061,-0.003880159
1.659610262,-0.026999686,0.016137773
1.686609948,-0.017511239,0.010328979
1.704121187,0.004546674,-0.002671612
1.699574514,0.025481245,-0.015106247
1.674093269,-0.014683012,0.008732486
1.68877628,0.017096294,-0.010175071
1.671679987,0.003357718,-0.002010609
1.668322269,0.005070802,-0.003044091
1.663251467,-0.019322216,0.011550173
1.682573682,0.027878533,-0.016707783
1.65469515,-0.000498591,0.000301273
1.65519374,-0.032249887,0.019296671
1.687443627,0.000609602,-0.000361323
1.686834025,-0.025187435,0.014821399
1.71202146,-0.030747777,0.017800551
1.742769237,-0.001247607,0.00071562
1.744016844,-0.008979438,0.005135501
1.752996282,-0.020421153,0.011581954
1.773417435,0.003355656,-0.00189399
1.770061779,-0.003739074,0.002110169
1.773800853,0.008519229,-0.004814381
1.765281624,0.015701776,-0.008934566
1.749579848,-0.015322099,0.008719463
1.764901947,-0.009276833,0.005242522
1.774178781,-0.003366947,0.001895951
1.777545727,0.002808514,-0.001581245
1.774737214,0.005358724,-0.003024014
1.76937849,-0.029486569,0.016527594
1.79886506,-0.026134206,0.014423641
1.824999265,-0.003900184,0.002134808
1.828899449,0.009677483,-0.005305473
1.819221966,-0.01130225,0.006193464
1.830524216,0.011407698,-0.006251429
1.819116518,0.002373172,-0.001305425
1.816743346,-0.015374742,0.008427195
1.832118088,-0.008990303,0.004895054
1.841108391,0.004398739,-0.002392038
1.836709652,3.29331E-05,-1.79307E-05
1.836676719,-0.019477166,0.010548736
1.856153885,0.018075966,-0.009786127
1.838077918,-0.000319868,0.000174008
1.838397787,0.011535076,-0.006294294
1.82686271,0.025444539,-0.014025902
1.801418171,0.021984398,-0.012279019
1.779433773,-0.026756999,0.014924873
1.806190772,-0.009278851,0.005124098
1.815469623,-0.027708946,0.015147385
1.843178569,0.000708067,-0.000384229
1.842470501,-0.017236484,0.009311606
1.859706985,0.000390152,-0.000209814
1.859316833,-0.006162556,0.003308939
1.865479389,-0.001149204,0.000615847
1.866628592,-0.001755676,0.000940118
1.868384268,0.004355121,-0.002333677
1.864029147,-0.017822737,0.009515984
1.881851883,0.00965476,-0.005143663
1.872197124,0.020925979,-0.011240165
1.851271145,-0.039720423,0.021228822
1.890991568,0.008302518,-0.00440023
1.88268905,0.013415266,-0.007151096
1.869273784,0.017774906,-0.009554489
1.851498878,-0.008224974,0.004432495
1.859723852,0.025290801,-0.01369254
1.834433051,-0.015041402,0.008166049
1.849474452,-0.008388801,0.00452552
1.857863254,-0.029174775,0.01558138
1.887038029,0.028699287,-0.01532548
1.858338742,0.026040987,-0.014112156
1.832297755,-0.017772442,0.0096528
1.850070198,-0.023431293,0.012585552
1.873501491,-0.012988429,0.006908782
1.88648992,0.008452319,-0.004490515
1.878037602,0.002373983,-0.001264876
1.875663619,-0.017951633,0.009525307
1.893615252,0.012345188,-0.006540719
1.881270064,0.017997022,-0.009612474
1.863273042,0.020420448,-0.011019947
1.842852594,-0.008245161,0.004464151
1.851097755,0.02703716,-0.014713732
1.824060595,0.039182125,-0.021714783
1.78487847,0.024267616,-0.013689504
1.760610854,-0.00660243,0.003743065
1.767213284,-0.01077527,0.00607881
1.777988554,0.038671507,-0.021990165
1.739317048,-0.013672214,0.007829945
1.752989262,0.042370498,-0.024467325
1.710618764,-0.012187172,0.007099164
1.722805936,0.017271587,-0.010075857
1.705534349,-0.018629879,0.010863965
1.724164228,-0.034396433,0.019753241
1.758560662,0.019850929,-0.011352364
1.738709732,-0.02175168,0.012432636
1.760461412,0.015224539,-0.008685651
1.745236873,-0.020031761,0.011412589
1.765268634,-0.052787017,0.029464727
1.818055651,-0.006161865,0.00338353
1.824217516,0.03455793,-0.019125711
1.789659586,-0.001368005,0.000764102
1.79102759,0.002778962,-0.001552807
1.788248628,0.039373204,-0.022263754
1.748875424,0.028908562,-0.016667942
1.719966862,0.001658258,-0.000964587
1.718308604,0.002240201,-0.001304575
1.716068404,0.021602373,-0.012668197
1.694466031,-0.028489446,0.016673451
1.722955477,-0.034645065,0.019908434
1.757600542,-0.026452665,0.014938308
1.784053207,-0.001205652,0.000675565
1.785258859,-0.00117905,0.000660218
1.786437909,-0.029068694,0.016140907
1.815506603,0.011154764,-0.006163114
1.804351839,-0.0060527,0.003348887
1.810404538,-0.02248715,0.012344555
1.832891688,0.011591884,-0.006344453
1.821299804,0.01330627,-0.007332739
1.807993534,-0.037910741,0.020751594
1.845904275,-0.005304368,0.002869467
1.851208643,-0.006848319,0.003692552
1.858056963,-0.005375241,0.00288876
1.863432203,0.003984456,-0.002140524
1.859447748,0.011865501,-0.006401643
1.847582247,-0.00157399,0.000851556
1.849156237,0.003143921,-0.001701639
1.846012316,-0.024894048,0.013395192
1.870906364,-0.001577724,0.000842939
1.872484089,-0.00176387,0.000941551
1.874247958,-0.017472046,0.00927898
1.891720005,-0.013892121,0.007316812
1.905612126,-0.000153495,8.05457E-05
1.905765621,-0.011182754,0.005850705
1.916948375,0.000267149,-0.000139371
1.916681226,0.013069166,-0.006841997
1.903612061,-0.001604819,0.000842684
1.905216879,-0.007123614,0.003732032
1.912340494,-0.017933225,0.009333935
1.930273719,-0.009827428,0.005078293
1.940101147,0.0064829,-0.003347122
1.933618247,-0.009495354,0.004898649
1.943113601,0.015479434,-0.007998205
1.927634167,0.015387208,-0.008014462
1.912246959,-0.012896531,0.006721536
1.92514349,0.019162793,-0.010003827
1.905980697,-0.003479647,0.001823982
1.909460344,0.011489077,-0.006035098
1.897971267,-0.021562051,0.011296531
1.919533318,-0.024956712,0.012917655
1.94449003,-0.001446564,0.000743653
1.945936595,-0.002722703,0.001398195
1.948659297,-0.010465199,0.005356092
1.959124496,-0.002021407,0.001031259
1.961145903,0.008491868,-0.004339456
1.952654035,0.005956221,-0.003054982
1.946697814,0.010009123,-0.005154854
1.936688691,0.000144368,-7.45466E-05
1.936544322,0.003049076,-0.001575734
1.933495247,-0.005867026,0.00302982
1.939362273,0.029556026,-0.015357398
1.909806247,0.009887108,-0.005190469
1.899919139,-0.018841757,0.009868284
1.918760896,0.017213552,-0.009011665
1.901547344,0.010866368,-0.005730877
1.890680976,0.004786514,-0.002534845
1.885894462,-0.014305321,0.007556805
1.900199783,0.002346607,-0.00123569
1.897853176,-0.02368817,0.012404308
1.921541346,0.03172982,-0.016650546
1.889811526,-0.008066063,0.004259101
1.897877589,-0.002380796,0.001253666
1.900258385,-0.022691708,0.011870644
1.922950093,0.016839489,-0.008795681
1.906110604,0.003600677,-0.001890805
1.902509926,-0.010651192,0.005582882
1.913161119,-0.009527276,0.004967502
1.922688394,0.005407713,-0.002816542
1.917280681,-0.028191438,0.014596812
1.945472119,-0.01041781,0.005340614
1.955889929,-0.000906587,0.000463409
1.956796516,-0.002195761,0.001121491
1.958992277,-0.005821782,0.002967418
1.964814059,0.000248239,-0.00012635
1.96456582,-0.007208465,0.003662525
1.971774285,0.006131279,-0.003114369
1.965643005,-0.010068518,0.005109177
1.975711523,0.000539582,-0.000273145
1.975171941,-0.007746832,0.003914434
1.982918773,-0.001561742,0.000787288
1.984480516,0.013580044,-0.006866644
1.970900471,0.01580323,-0.008050599
1.955097241,0.006828256,-0.003498654
1.948268985,-0.005202885,0.002666957
1.95347187,-0.004098408,0.002095815
1.957570278,0.00249764,-0.001276702
1.955072638,-0.015223787,0.007756653
1.970296425,-0.009377073,0.00474793
1.979673498,0.00289899,-0.001465451
1.976774508,-0.026414401,0.013273885
2.003188909,0.07098905,-0.036081188
1.932199859,0.032944003,-0.017197022
1.899255856,-0.026708448,0.013964625
1.925964304,-0.034268428,0.017636428
1.960232733,-0.016402892,0.008333013
1.976635625,-0.00407559,0.00205976
1.980711215,0.005533371,-0.002797538
1.975177844,-0.012429918,0.006273344
1.987607763,-0.005015591,0.002520252
1.992623354,-0.036537428,0.018170261
2.029160781,-0.016978776,0.008332576
2.046139558,-0.016230893,0.00790115
2.06237045,-0.002838267,0.00137527
2.065208717,-0.010278368,0.004964571
2.075487085,0.001533145,-0.000738965
2.073953939,-0.004777806,0.002301069
2.078731745,0.000720148,-0.000346496
2.078011597,-0.016085018,0.007710777
2.094096616,0.011981364,-0.005737926
2.082115252,-0.011205274,0.005367249
2.093320526,-0.00333007,0.001589543
2.096650596,-0.01005339,0.004783517
2.106703986,0.005978486,-0.002841873
2.1007255,-9.878E-05,4.70207E-05
2.10082428,-0.008060159,0.003829324
2.108884439,0.00019546,-9.26883E-05
2.108688979,0.013539943,-0.006441728
2.095149036,-0.001588646,0.000757963
2.096737682,-0.008724966,0.004152576
2.105462649,-0.023450377,0.011076304
2.128913026,-0.004710513,0.002210193
2.133623539,-4.57909E-05,2.14613E-05
2.13366933,0.003520643,-0.001651404
2.130148687,-0.018790417,0.008782497
2.148939104,-0.008157033,0.003788656
2.157096137,-0.004461662,0.002066229
2.161557799,0.008615533,-0.003993762
2.152942267,-0.000542248,0.000251832
2.153484514,-0.00564612,0.002618422
2.159130634,-0.004912553,0.002272661
2.164043188,0.000454486,-0.000210039
2.163588701,-0.006687195,0.003086022
2.170275896,0.004465933,-0.002059892
2.165809963,0.007481053,-0.003460139
2.158328911,0.006824999,-0.003167179
2.151503912,-0.009338364,0.004330996
2.160842275,0.007890177,-0.003658118
2.152952098,0.007483872,-0.003482153
2.145468227,-0.015672032,0.007278164
2.161140258,-0.00223099,0.001031788
2.163371248,-0.000238603,0.000110286
2.163609851,0.004380196,-0.002026537
2.159229655,0.009754042,-0.004527605
2.149475613,0.053733727,-0.025316298
2.095741887,-0.032538308,0.01540662
2.128280194,0.029359173,-0.01389082
2.098921022,0.000431259,-0.000205488
2.098489762,-0.026421303,0.012512025
2.124911065,0.008375278,-0.00394926
2.116535787,-0.000385044,0.000181905
2.116920831,-0.000523082,0.000247065
2.117443913,-0.026344391,0.012364839
2.143788304,-0.010416883,0.004847333
2.154205187,0.017498083,-0.008155925
2.136707105,0.017378688,-0.008166654
2.119328417,-0.025832124,0.01211514
2.145160541,-0.010092731,0.004693851
2.155253273,0.016030622,-0.007465729
2.13922265,-0.022032635,0.010246688
2.161255286,0.007935932,-0.003678667
2.153319354,0.009623146,-0.004478998
2.143696208,-0.010575771,0.004921298
2.154271979,0.005017827,-0.002331962
2.149254152,0.009690183,-0.00451882
2.139563969,0.001469624,-0.000687116
2.138094345,0.020832717,-0.00979137
2.117261629,-0.005621486,0.002651556
2.122883115,0.008089349,-0.003817827
2.114793766,-0.005937228,0.00280354
2.120730994,0.009905008,-0.004681504
2.110825986,-0.008274336,0.003912289
2.119100322,-0.001345903,0.000634928
2.120446226,-0.001493115,0.000703903
2.12193934,-0.003788074,0.001783603
2.125727415,-0.01978327,0.009263549
2.145510684,0.004954398,-0.002311863
2.140556286,-0.003028107,0.001413636
2.143584394,0.013408835,-0.00627498
2.130175559,-0.003460296,0.0016231
2.133635855,0.006661014,-0.003126791
2.126974841,0.021727415,-0.010267705
2.105247426,0.007852662,-0.003737016
2.097394764,0.004471906,-0.0021344
2.092922858,0.008257849,-0.003953411
2.084665008,-0.046870105,0.022234256
2.131535113,-0.010147304,0.004749266
2.141682416,-0.01706331,0.007935675
2.158745726,0.00806205,-0.00374159
2.150683677,-0.060329824,0.027665227
2.211013501,0.020630494,-0.00937459
2.190383007,-0.013812589,0.006286216
2.204195596,-0.016849854,0.007615375
2.22104545,-0.009937768,0.004464385
2.230983218,0.005902721,-0.0026493
2.225080497,-0.010386607,0.004657108
2.235467104,-0.012741307,0.005683436
2.248208411,-0.007714781,0.00342565
2.255923192,-0.012308538,0.005441267
2.26823173,0.008725338,-0.003854176
2.259506392,0.002237268,-0.000990649
2.257269123,0.009209846,-0.00408843
2.248059277,0.011967734,-0.005337805
2.236091543,-0.000197304,8.82323E-05
2.236288848,-0.0173319,0.007720417
2.253620748,-0.000241042,0.000106952
2.25386179,-0.045031284,0.019782639
2.298893074,0.008041701,-0.003504208
2.290851374,-0.005986573,0.002609844
2.296837946,-0.000794831,0.000345995
2.297632778,-0.020588175,0.008920695
2.318220953,0.009061726,-0.003916574
2.309159227,-0.007548467,0.003263593
2.316707694,0.006575204,-0.002842202
2.31013249,-0.012702561,0.005483567
2.322835051,-0.019657769,0.008427226
2.34249282,0.002982807,-0.001274159
2.339510014,0.00537235,-0.002298998
2.334137664,-0.005454456,0.002334092
2.33959212,-0.013109302,0.005587603
2.352701421,0.031777871,-0.01359902
2.320923551,-0.003481787,0.001499049
2.324405338,0.019565516,-0.008453055
2.304839822,-0.004578985,0.001984712
2.309418807,-0.018765925,0.008092985
2.328184732,0.00942932,-0.004058297
2.318755413,-0.006688436,0.002880342
2.325443849,-0.001645838,0.000707502
2.327089687,0.000700338,-0.000300996
2.326389349,-0.002752835,0.001182608
2.329142183,0.012363509,-0.00532232
2.316778674,-0.00235385,0.001015485
2.319132524,-0.00060588,0.000261219
2.319738404,-0.004775646,0.002056584
2.324514051,0.001705493,-0.000733968
2.322808557,-0.010281744,0.00441666
2.333090301,-0.001845746,0.000790804
2.334936047,-0.018314353,0.00781302
2.3532504,-0.010372109,0.004397882
2.363622509,-0.001841339,0.000778729
2.365463848,-0.003870905,0.001635088
2.369334754,0.01296427,-0.005486717
2.356370483,0.006657876,-0.002829478
2.349712608,-0.000853775,0.000363287
2.350566382,0.001631701,-0.000694414
2.348934682,-0.003026406,0.001287587
2.351961088,0.000463631,-0.000197145
2.351497457,-0.007612125,0.003231911
2.359109582,-0.008692661,0.003677949
2.367802243,-0.013489522,0.005680898
2.381291765,-0.004860776,0.002039155
2.386152541,-0.002553566,0.001069588
2.388706108,-0.009381174,0.003919612
2.398087282,-0.014513173,0.006033739
2.412600455,0.007784569,-0.003231847
2.404815886,-0.009846212,0.004086013
2.414662098,-0.023975029,0.009879969
2.438637127,-0.004255917,0.001743682
2.442893044,0.030310167,-0.012485104
2.412582878,-0.00856252,0.003542826
2.421145398,-0.006251475,0.002578704
2.427396873,0.017050071,-0.007048799
2.410346802,-0.028070305,0.011578464
2.438417106,0.025653162,-0.010576147
2.412763944,0.006784378,-0.00281583
2.405979566,0.004437409,-0.001846028
2.401542157,-0.000103973,4.32933E-05
2.40164613,0.005159269,-0.002150533
2.396486861,0.004492211,-0.001876258
2.391994649,-0.010297619,0.004295794
2.402292269,-0.00939078,0.003901471
2.411683049,0.003721185,-0.001544174
2.407961864,-0.016481704,0.006821351
2.424443567,-0.000483557,0.000199431
2.424927124,-0.003184048,0.001312187
2.428111172,-0.01315272,0.005402234
2.441263892,0.030350118,-0.012510059
2.410913774,0.006622925,-0.00275084
2.404290849,-0.000265107,0.000110258
2.404555956,-0.003685395,0.001531498
2.408241351,0.002753587,-0.001144056
2.405487764,-0.014286052,0.005921376
2.419773816,4.03923E-05,-1.66927E-05
2.419733424,-0.006460249,0.002666261
2.426193672,0.006669746,-0.002752843
2.419523927,0.006754705,-0.002795654
2.412769222,0.012178451,-0.005060281
2.40059077,0.008289923,-0.003459261
2.392300847,-0.005143802,0.00214784
2.397444649,-0.002797776,0.001166302
2.400242425,-0.000658913,0.000274482
2.400901338,-0.002908667,0.001210756
2.403810005,0.011003814,-0.004588165
2.39280619,0.01884383,-0.007906374
2.373962361,-0.029012491,0.01214705
2.402974852,0.001121141,-0.000466673
2.401853711,0.008299366,-0.003461384
2.393554345,-0.023879748,0.009927251
2.417434093,-0.001735741,0.000717752
2.419169834,-0.023291622,0.009581887
2.442461456,-0.034942087,0.014204729
2.477403543,0.00281246,-0.00113589
2.474591083,-0.004046964,0.001634072
2.478638047,0.00946392,-0.003825502
2.469174127,-0.003103604,0.001256151
2.472277731,0.006265232,-0.002537411
2.466012499,0.001221024,-0.000495264
2.464791474,0.003125038,-0.001268676
2.461666436,-0.004714146,0.001913191
2.466380582,0.001137055,-0.000461128
2.465243527,-0.001225033,0.000496798
2.466468559,-0.038559643,0.015512598
2.505028202,-0.004343435,0.001732385
2.509371637,0.000288805,-0.000115097
2.509082832,-0.021763932,0.008636655
2.530846764,-0.004064846,0.001604833
2.53491161,0.051051915,-0.02034509
2.483859695,-0.021412227,0.008583601
2.505271923,-0.023103412,0.009179656
2.528375335,-0.010030642,0.003959379
2.538405977,-0.002628012,0.001034764
2.541033988,-0.003717032,0.001461734
2.54475102,-0.012992571,0.005092646
2.557743591,-0.009251229,0.003610424
2.56699482,-0.010458281,0.004065857
2.577453101,0.000386931,-0.000150133
2.57706617,-0.012460051,0.004823324
2.58952622,-0.013526275,0.005209861
2.603052495,-0.004604912,0.00176748
2.607657408,0.011255049,-0.004325495
2.596402358,-0.005725848,0.002202873
2.602128206,-0.0105086,0.004030331
2.612636806,0.016617698,-0.006380822
2.596019108,-0.001463686,0.00056366
2.597482794,-0.014399109,0.005528177
2.611881903,-0.003858349,0.00147614
2.615740252,0.007800528,-0.002986605
2.607939724,0.019059446,-0.007335075
2.588880278,-0.025004791,0.00961219
2.613885069,0.01469371,-0.005637266
2.59919136,-0.001816173,0.000698502
2.601007533,0.005891982,-0.002267839
2.595115551,0.008739438,-0.003373332
2.586376113,0.000754661,-0.000291826
2.585621452,0.020260716,-0.007866779
2.565360736,-0.027072608,0.010497843
2.592433344,0.030360515,-0.01178032
2.562072829,-0.033564424,0.013015426
2.595637253,0.007368531,-0.002842851
2.588268722,-0.009909186,0.003821189
2.598177908,0.014179864,-0.005472566
2.583998044,-0.01962059,0.007564431
2.603618634,-0.007479788,0.002868724
2.611098422,-0.000435582,0.000166805
2.611534003,-0.030092584,0.011457069
2.641626587,-0.001333294,0.000504597
2.642959881,-0.019831771,0.00747561
2.662791652,-0.00308949,0.001159572
2.665881142,0.001642891,-0.000616456
2.66423825,-0.006482011,0.002430015
2.670720261,-0.001174418,0.000439642
2.67189468,0.000639013,-0.00023919
2.671255667,0.007478257,-0.002803455
2.66377741,-0.031701549,0.011830716
2.695478959,0.000949148,-0.000352188
2.694529811,0.000953481,-0.000353921
2.69357633,-0.006663028,0.002470619
2.700239358,-0.003794156,0.001404132
2.704033514,-0.011352766,0.004189667
2.71538628,-9.31303E-05,3.42967E-05
2.715479411,-0.00273964,0.001008389
2.71821905,-0.007783951,0.002859529
2.726003001,-0.015331605,0.00560845
2.741334606,0.003786149,-0.001382088
2.737548457,-0.006582229,0.002401539
2.744130686,0.035774087,-0.013122305
2.708356599,0.010477989,-0.003876266
2.697878609,-0.036486311,0.01343344
2.73436492,0.012155814,-0.004455482
2.722209106,-0.004299873,0.001578307
2.726508979,0.038099377,-0.014072236
2.688409602,0.013828265,-0.005156934
2.674581338,0.002848104,-0.001065446
2.671733234,-0.024711782,0.009206832
2.696445016,0.006943963,-0.00257855
2.689501053,0.010653006,-0.003968825
2.678848047,-0.00688458,0.002566681
2.685732626,-7.98268E-05,2.97221E-05
2.685812453,-2.50041E-05,9.30967E-06
2.685837457,-0.008515874,0.003165643
2.694353331,-0.014231706,0.005268148
2.708585037,-0.007084339,0.002612098
2.715669376,0.005518008,-0.002033982
2.710151368,-0.004300937,0.001585715
2.714452304,-0.008838596,0.003250835
2.7232909,0.005596727,-0.002057248
2.717694173,-0.02840877,0.010399005
2.746102943,-0.012806738,0.004652764
2.758909682,-0.001922568,0.000696615
2.760832249,-0.000262821,9.51919E-05
2.76109507,-0.023089491,0.008327668
2.784184562,-0.012988836,0.004654372
2.797173398,-0.010405555,0.003713123
2.807578952,-0.002157293,0.000768087
2.809736245,0.019887765,-0.00710333
2.78984848,0.002393441,-0.000858279
2.787455039,0.013381909,-0.004812323
2.77407313,-0.005942307,0.002139796
2.780015438,0.000810662,-0.000291646
2.779204776,-0.00345657,0.001242953
2.782661345,-0.002103637,0.000755695
2.784764982,-0.008775312,0.003146231
2.793540294,-0.00833557,0.00297943
2.801875863,-0.011942429,0.00425324
2.813818292,-0.009474345,0.003361422
2.823292637,-0.003099117,0.001097094
2.826391754,-0.004445297,0.001571546
2.830837051,-0.024215374,0.00851776
2.855052425,-0.006585514,0.002303961
2.861637939,-0.00607287,0.002119917
2.86771081,-0.01371641,0.00477165
2.88142722,-0.006986078,0.002421586
2.888413298,0.000162066,-5.61105E-05
2.888251232,-0.008026761,0.002775253
2.896277993,-0.001399737,0.000483172
2.89767773,-0.005384073,0.001856341
2.903061803,-0.003242203,0.001116199
2.906304006,-0.018802318,0.006448657
2.925106324,0.008146821,-0.002789022
2.916959503,-0.022188936,0.007578085
2.939148439,-0.024117027,0.008171966
2.963265466,0.015772777,-0.005336985
2.94749269,-0.000807147,0.000273804
2.948299837,-0.006811448,0.002307632
2.955111284,-0.002781374,0.000940765
2.957892658,-0.014804228,0.004992508
2.972696886,-0.000817869,0.000275089
2.973514756,-0.007483162,0.002513444
2.980997917,-0.006405478,0.002146464
2.987403395,0.017489109,-0.005871488
2.969914287,-0.01733245,0.005819047
2.987246737,-0.003351448,0.00112129
2.990598185,-0.006689996,0.002234511
2.997288181,0.028598204,-0.00958717
2.968689977,-0.054897761,0.018323349
3.023587738,0.007040196,-0.00233114
3.016547541,-0.013939314,0.004610306
3.030486856,-0.019511813,0.006417869
3.049998669,0.00787281,-0.002584588
3.042125859,-0.005746909,0.001887327
3.047872767,-0.004321713,0.00141694
3.05219448,-0.019125706,0.006246664
3.071320186,0.014945709,-0.004878095
3.056374476,-0.02824074,0.009197521
3.084615217,0.009207929,-0.002989579
3.075407288,0.015577003,-0.005077892
3.059830284,0.003019749,-0.000987388
3.056810535,0.00370181,-0.001211738
3.053108725,-0.013425363,0.004387637
3.066534089,-0.019362604,0.006294315
3.085896693,-0.010180478,0.003293604
3.096077171,0.003630784,-0.001173393
3.092446387,-0.023928767,0.007708028
3.116375154,0.011575378,-0.003721288
3.104799776,-0.025356072,0.008133566
3.130155848,-0.03035735,0.009651624
3.160513198,0.002963689,-0.000938164
3.157549509,-0.002478582,0.000784662
3.160028091,-0.010723476,0.00338773
3.170751567,0.003815083,-0.001203936
3.166936483,-0.011942894,0.003764026
3.178879377,0.000104696,-3.29355E-05
3.17877468,-0.003523823,0.001107934
3.182298503,0.01740915,-0.00548564
3.164889353,-0.013406073,0.004226928
3.178295426,-0.033007945,0.010331866
3.211303372,-0.021415198,0.006646556
3.23271857,-0.028696767,0.008837808
3.261415337,-0.028649814,0.008746114
3.290065152,0.005084589,-0.001546633
3.284980563,0.001041005,-0.000316949
3.283939558,-0.019744137,0.005994331
3.303683695,-0.01799216,0.005431314
3.321675855,0.015572475,-0.004699162
3.30610338,-0.043174061,0.012974364
3.349277441,0.003842985,-0.001148066
3.345434457,-0.041851023,0.01243229
3.38728548,-0.022102639,0.006503981
3.409388119,-0.00233993,0.000686084
3.41172805,0.002815337,-0.000825535
3.408912712,-0.005225644,0.001531762
3.414138356,-0.031715022,0.009246439
3.445853378,0.01423286,-0.004138985
3.431620519,0.028843804,-0.008440825
3.402776714,-0.004879281,0.001432885
3.407655995,0.018139363,-0.005337339
3.389516632,0.071015373,-0.021174072
3.318501259,0.152150396,-0.046933476
3.166350863,-0.090360198,0.028138032
3.256711061,0.005991991,-0.001841585
3.25071907,0.127902534,-0.040140894
3.122816535,-0.067723546,0.021454877
3.190540081,-0.027972384,0.008729079
3.218512465,-0.009072152,0.002814776
3.227584617,-0.045024608,0.013853534
3.272609225,-0.040415612,0.012274025
3.313024836,0.0016038,-0.000484206
3.311421037,0.040948246,-0.012442855
3.270472791,0.04063415,-0.012502379
3.229838641,-0.022821431,0.007040966
3.252660072,-0.046034168,0.01405356
3.29869424,-0.032427786,0.009782487
3.331122026,0.046806967,-0.014151067
3.284315059,0.0538257,-0.016524494
3.230489359,0.054583781,-0.017040817
3.175905578,0.000180021,-5.66849E-05
3.175725558,-0.029586248,0.009273245
3.205311805,-0.010996607,0.003424873
3.216308412,0.023083533,-0.007202906
3.193224879,-0.016803536,0.005248449
3.210028415,-0.051983817,0.016064465
3.262012232,0.008199549,-0.002516812
3.253812683,0.021906474,-0.006755321
3.231906209,0.015849893,-0.004916258
3.216056317,-0.007330933,0.002276885
3.22338725,-0.012873317,0.00398577
3.236260567,0.051077043,-0.015908609
3.185183523,-0.027710714,0.008662254
3.212894237,0.007664763,-0.002388476
3.205229474,0.080314172,-0.025376507
3.124915303,0.057384534,-0.018534252
3.067530769,-0.094866516,0.030457446
3.162397285,0.053418044,-0.01703592
3.108979241,-0.004915013,0.001579661
3.113894254,-0.051721266,0.016473399
3.16561552,0.092922782,-0.029793223
3.072692738,-0.047842753,0.015450328
3.120535491,-0.034614989,0.011031572
3.15515048,-0.01444896,0.00456903
3.16959944,0.071140682,-0.022700407
3.098458757,-0.000226391,7.30629E-05
3.098685148,-0.051770476,0.016569209
3.150455625,0.018240045,-0.005806478
3.13221558,-0.033817875,0.010738921
3.166033455,0.007460868,-0.002359316
3.158572587,-0.02138666,0.006748169
3.179959247,-0.030285606,0.009478831
3.210244853,-0.004764385,0.001483019
3.215009239,0.031017792,-0.00969465
3.183991446,0.018597443,-0.005858046
3.165394003,0.005049242,-0.001596412
3.160344761,0.043941242,-0.014001504
3.116403519,-0.000600201,0.000192575
3.11700372,-0.05117391,0.016284348
3.16817763,-0.008154026,0.002570421
3.176331656,0.021796502,-0.006885815
3.154535154,0.000356344,-0.000112969
3.154178811,0.01996472,-0.006349727
3.13421409,3.61453E-05,-1.15326E-05
3.134177945,-0.04663928,0.014771232
3.180817225,-0.019609879,0.006146118
3.200427104,0.002565392,-0.000801899
3.197861712,-0.029409924,0.009154714
3.227271637,-0.027879751,0.008601698
3.255151388,-0.006609589,0.002028443
3.261760976,-0.010078632,0.003085172
3.271839608,0.033109891,-0.010171208
3.238729717,-0.02261637,0.00695883
3.261346087,0.00991425,-0.003044556
3.251431837,-0.000332795,0.000102348
3.251764632,-0.026207266,0.008027095
3.277971898,0.022642485,-0.006931435
3.255329413,-0.013016067,0.003990415
3.268345481,0.004815265,-0.00147439
3.263530216,0.008042322,-0.002467343
3.255487895,0.034372946,-0.010614598
3.221114949,-0.044356218,0.013676504
3.265471167,0.029531455,-0.009084692
3.235939712,-0.040360113,0.012395315
3.276299825,-0.043279779,0.013123466
3.319579605,0.000356368,-0.000107359
3.319223236,-0.029313021,0.008792522
3.348536258,-0.005419995,0.001617308
3.353956253,-0.009889814,0.002944362
3.363846068,-0.002598689,0.000772237
3.366444756,0.000776814,-0.000230779
3.365667942,0.01399943,-0.004168155
3.351668512,-0.003452171,0.001029456
3.355120684,2.29726E-05,-6.84705E-06
3.355097711,0.011882128,-0.003547801
3.343215583,0.027091504,-0.008136439
3.316124079,-0.000931367,0.000280821
3.317055446,0.021641867,-0.006545798
3.295413579,0.010002565,-0.003039915
3.285411014,0.041233995,-0.01263006
3.24417702,-0.005901214,0.001817365
3.250078233,0.030541546,-0.009441605
3.219536687,-0.019427766,0.006016202
3.238964453,-0.028173105,0.008660571
3.267137557,0.001238444,-0.000379133
3.265899113,0.026951965,-0.008286781
3.238947148,-0.032363806,0.009942485
3.271310953,-0.015402944,0.004697442
3.286713897,-0.033343151,0.010093716
3.320057048,-0.023052045,0.006919274
3.343109093,0.034067793,-0.01024273
3.3090413,-0.0275854,0.008301817
3.3366267,-0.014545073,0.004349741
3.351171772,0.007361243,-0.002199034
3.343810529,-0.026962525,0.008031077
3.370773055,0.001663844,-0.000493731
3.36910921,0.005798785,-0.001722645
3.363310426,0.000795402,-0.000236522
3.362515024,0.001931998,-0.000574734
3.360583027,-0.006692861,0.001989597
3.367275888,-0.032029184,0.009466945
3.399305072,-0.013871309,0.004072328
3.413176381,0.017683777,-0.0051945
3.395492604,0.029006789,-0.008579432
3.366485816,-0.01803149,0.005341883
3.384517306,0.016701618,-0.004946928
3.367815689,-0.01916985,0.005675933
3.386985538,-0.013876883,0.004088749
3.400862421,-0.004795505,0.001409092
3.405657926,-0.022747984,0.00665726
3.42840591,0.004952368,-0.001445555
3.423453542,0.012386571,-0.003624712
3.411066971,0.019308603,-0.005676658
3.391758368,0.015227288,-0.004499605
3.376531079,-0.017829258,0.005266456
3.394360338,0.021770174,-0.006434286
3.372590164,-0.058844237,0.017297323
3.431434401,0.007904249,-0.00230614
3.423530152,-0.009780533,0.002852783
3.433310686,-0.015911584,0.004623766
3.449222269,-0.008636877,0.002500877
3.457859146,0.004111787,-0.001189821
3.453747359,-0.018166315,0.0052461
3.471913674,-0.03291409,0.009435446
3.504827765,-0.004464762,0.001273078
3.509292527,-0.017517929,0.004979451
3.526810455,0.024721684,-0.007034327
3.502088771,-0.005671382,0.001618119
3.507760153,0.012087788,-0.003451965
3.495672365,0.007090386,-0.002030393
3.488581978,0.001714099,-0.000491466
3.48686788,0.012862802,-0.003695748
3.474005078,-0.028731984,0.008236551
3.502737061,-0.01246849,0.003553321
3.515205551,-0.00240002,0.000682521
3.517605571,-0.016503227,0.004680637
3.534108798,-0.005390517,0.001524121
3.539499315,0.005110325,-0.001444842
3.534388989,-0.032136989,0.009051568
3.566525978,-0.005169587,0.001448425
3.571695565,-0.022794878,0.00636181
3.594490443,-0.005695622,0.001583288
3.600186066,0.030239294,-0.008434843
3.569946771,-0.000187252,5.24511E-05
3.570134024,0.012727268,-0.003571297
3.557406756,-0.003791552,0.001065252
3.561198308,-0.017256314,0.004833946
3.578454622,-0.022160667,0.006173707
3.600615289,0.001862249,-0.000517337
3.59875304,0.012206546,-0.003397648
3.586546493,0.046972684,-0.013183433
3.539573809,0.033998713,-0.009651741
3.505575096,-0.002930294,0.000835546
3.50850539,0.007923482,-0.002260918
3.500581909,0.119443736,-0.034716824
3.381138173,0.066193326,-0.019771404
3.314944846,-0.050352981,0.015075481
3.365297827,0.029927121,-0.008932637
3.335370706,-0.074817571,0.022183674
3.410188277,0.022437112,-0.006601175
3.387751165,0.05287243,-0.015730011
3.334878735,-0.0046565,0.001395329
3.339535235,0.003658209,-0.001096025
3.335877026,0.04209594,-0.01269945
3.293781085,0.087612988,-0.026959686
3.206168097,-0.063182038,0.019514745
3.269350135,0.047206757,-0.014544446
3.222143378,0.028978552,-0.00903425
3.193164826,-0.072173644,0.02235089
3.26533847,-0.027572495,0.008408542
3.292910965,-0.046214542,0.013936983
3.339125507,0.009130452,-0.002738129
3.329995055,-0.024010197,0.00718441
3.354005252,-0.017097259,0.005084616
3.371102511,-0.069081578,0.020285139
3.440184089,0.023151749,-0.006752547
3.41703234,0.028163195,-0.008276157
3.388869145,0.077057944,-0.02300105
3.311811201,-0.012689877,0.003824381
3.324501078,0.013471511,-0.004060423
3.311029567,-0.021460496,0.006460603
3.332490063,0.050488541,-0.015266335
3.282001522,0.080999575,-0.024989587
3.201001947,0.053633315,-0.01689712
3.147368632,-0.011194107,0.003550346
3.158562739,0.007728659,-0.00244989
3.150834079,-0.050649593,0.015947145
3.201483672,-0.01000039,0.003118805
3.211484062,-0.085255815,0.026200909
3.296739877,0.01430993,-0.004350078
3.282429947,-0.049261972,0.014896273
3.33169192,-0.050505508,0.015045366
3.382197428,0.11767838,-0.035413179
3.264519047,-0.000580648,0.000177851
3.265099695,0.089186824,-0.027695187
3.175912871,-0.018618451,0.005845276
3.194531322,-0.001783602,0.000558174
3.196314924,-0.020547677,0.006407977
3.216862601,-0.000818279,0.000254339
3.21768088,0.038415396,-0.012010686
3.179265484,0.071890544,-0.022871891
3.10737494,-0.019740151,0.006332584
3.127115092,0.052665988,-0.016985152
3.074449103,0.055018874,-0.018057584
3.019430229,0.034767016,-0.011581234
2.984663212,0.086938931,-0.029561216
2.897724281,-0.147214091,0.049554964
3.044938372,-0.031492116,0.010289331
3.076430488,0.001706872,-0.000554976
3.074723616,-0.025482894,0.008253709
3.10020651,-0.001326392,0.000427748
3.101532902,0.078085141,-0.025498651
3.023447761,-0.105803411,0.034395911
3.129251172,-0.036070251,0.011460872
3.165321423,-0.017835454,0.005618827
3.183156878,-0.012743761,0.003995505
3.195900639,-0.017188274,0.005363814
3.213088913,-0.004833193,0.00150309
3.217922105,0.005056656,-0.00157264
3.212865449,-0.023653688,0.00733521
3.236519138,-0.000281466,8.6962E-05
3.236800604,-0.023119734,0.007117385
3.259920339,-0.053939499,0.016410865
3.313859837,0.054646587,-0.016627792
3.259213251,-0.01932076,0.005910542
3.27853401,-0.018095851,0.005504318
3.296629862,-0.024667316,0.00745473
3.321297177,0.092253003,-0.028169251
3.229044174,0.015532599,-0.004821884
3.213511576,-0.050117599,0.015475532
3.263629175,-0.032600508,0.009939475
3.296229683,0.013585936,-0.004130177
3.282643747,-0.036414705,0.011032026
3.319058453,-0.017953556,0.005394654
3.337012008,0.008170411,-0.002451423
3.328841597,0.032569863,-0.009832322
3.296271734,0.000799752,-0.000242653
3.295471983,-0.002020482,0.000612921
3.297492465,-0.055480322,0.016685031
3.352972787,-0.017801041,0.005294989
3.370773828,0.005144607,-0.001527405
3.365629221,-0.050093675,0.014774218
3.415722896,-0.008018445,0.002344759
3.423741341,-0.008196057,0.002391028
3.431937398,0.012651248,-0.00369314
3.41928615,-0.02418759,0.007048969
3.44347374,-0.003727263,0.001081828
3.447201002,0.009220538,-0.002678373
3.437980465,0.014234947,-0.004149092
3.423745517,0.009519395,-0.002784276
3.414226123,-0.011155351,0.003261989
3.425381474,0.015013422,-0.004392626
3.410368051,0.004723844,-0.001386102
3.405644208,0.021254619,-0.006260555
3.384389588,0.030042333,-0.008916369
3.354347255,0.003974131,-0.001185473
3.350373125,-0.058284517,0.01724684
3.408657641,-0.005295371,0.001552301
3.413953013,-0.02920851,0.008519235
3.443161522,0.006379885,-0.001854634
3.436781637,-0.022192373,0.006436553
3.45897401,-0.017024796,0.004909848
3.475998806,-0.016706609,0.004794762
3.492705414,0.015354156,-0.004405755
3.477351259,-0.056210962,0.016035618
3.53356222,0.076960592,-0.022020572
3.456601629,-0.001036206,0.000299731
3.457637834,-0.024824522,0.007153968
3.482462356,0.014667134,-0.004220608
3.467795223,-0.010425689,0.003001921
3.478220912,-0.024749352,0.007090324
3.502970264,-0.043921152,0.012460307
3.546891416,0.006525494,-0.001841473
3.540365922,-0.020324118,0.005724268
3.560690039,-0.014379928,0.00403039
3.575069968,-0.01772717,0.004946299
3.592797138,-0.004366917,0.001214726
3.597164055,0.029356545,-0.008194508
3.567807509,-0.015546866,0.004348074
3.583354375,-0.007928447,0.002210133
3.591282822,-0.028163852,0.007811691
3.619446675,0.00396278,-0.001095458
3.615483895,-0.017610351,0.00485899
3.633094246,-0.015791668,0.004337197
3.648885914,-0.013196407,0.003610034
3.662082321,0.012571754,-0.003438858
3.649510567,-0.012642494,0.003458175
3.66215306,0.009026008,-0.002467715
3.653127053,0.007640425,-0.002093665
3.645486628,0.001855243,-0.000509044
3.643631386,0.00297988,-0.000818167
3.640651506,-0.018777161,0.005144383
3.659428667,0.045931062,-0.012630864
3.613497605,0.006867105,-0.001902212
3.6066305,-0.032678686,0.009019923
3.639309186,0.027835416,-0.007677944
3.611473769,0.062812666,-0.017545557
3.548661103,0.005857384,-0.001651954
3.542803719,0.021477125,-0.006080633
3.521326594,-0.024423965,0.006912069
3.54575056,0.086796757,-0.024783687
3.458953802,-0.031528861,0.009073851
3.490482663,-0.011615672,0.003322288
3.502098336,-0.024699964,0.007028149
3.526798299,0.029092753,-0.008283267
3.497705546,0.026713691,-0.007666805
3.470991855,-0.021302232,0.006118462
3.492294088,0.013188922,-0.003783727
3.479105166,0.023872276,-0.006885263
3.455232891,-0.006551237,0.001894238
3.461784127,0.02860805,-0.008298297
3.433176078,0.028450082,-0.008321338
3.404725995,-0.011497539,0.003371246
3.416223534,0.053657239,-0.015831251
3.362566294,0.002528744,-0.000752311
3.36003755,-0.083143398,0.024443589
3.443180948,-0.036706488,0.010604209
3.479887436,-0.024101194,0.006901981
3.503988629,-0.038756451,0.010999945
3.54274508,-0.020968639,0.005901308
3.563713719,-0.016586733,0.004643541
3.580300452,0.008146604,-0.002277989
3.572153849,-0.020842351,0.005817718
3.5929962,0.002309118,-0.000642879
3.590687082,0.002843837,-0.000792317
3.587843244,-0.051476486,0.014245522
3.63931973,-0.0045146,0.001239738
3.64383433,-0.042306756,0.01154362
3.686141087,0.009048366,-0.002457717
3.67709272,0.002727537,-0.00074204
3.674365183,0.037087556,-0.010144881
3.637277627,-0.012994466,0.003566214
3.650272093,-0.019075834,0.005212259
3.669347927,-0.012191081,0.003316904
3.681539007,-0.032745806,0.008855273
3.714284813,-0.002598938,0.00069947
3.716883751,-0.028534419,0.007647656
3.74541817,0.011094042,-0.002966426
3.734324129,-0.00259253,0.000694003
3.736916659,0.0085321,-0.002285803
3.728384559,-0.008280036,0.002218348
3.736664595,-0.034366729,0.009155131
3.771031324,-0.038006804,0.010028173
3.809038128,-0.007598602,0.0019929
3.81663673,0.01063292,-0.002789828
3.806003809,0.016598006,-0.004370543
3.789405804,-0.00239781,0.000632567
3.791803614,0.010052455,-0.002654622
3.781751159,-0.004120148,0.001088889
3.785871307,-0.025330245,0.006668447
3.811201552,0.00086195,-0.000226188
3.810339602,0.004984433,-0.00130899
3.805355169,-0.016655178,0.004367223
3.822010347,-0.00582547,0.00152303
3.827835817,-0.003115974,0.000813699
3.83095179,0.068589656,-0.018066294
3.762362135,0.042837697,-0.011451167
3.719524437,0.033468861,-0.009038884
3.686055576,0.112102434,-0.030884631
3.573953142,-0.043639444,0.012136467
3.617592586,-0.011376723,0.003139898
3.628969309,-0.062764904,0.017147653
3.691734213,0.036630897,-0.009971964
3.655103316,0.046696639,-0.012858049
3.608406678,-0.059464158,0.016345029
3.667870836,0.097190236,-0.026855118
3.570680599,-0.023149631,0.006462329
3.593830231,-0.06017608,0.016605635
3.65400631,-0.059230808,0.01607985
3.713237119,0.015633922,-0.00421921
3.697603197,-0.038738754,0.01042222
3.736341951,-0.001830126,0.000489698
3.738172077,0.095640986,-0.025917948
3.642531091,-0.049300934,0.013444024
3.691832025,0.009392672,-0.002547418
3.682439352,-0.024754014,0.006699685
3.707193367,-0.058763986,0.01572702
3.765957352,-5.2011E-05,1.38107E-05
3.766009363,0.022506916,-0.00599426
3.743502447,-0.049648415,0.013175379
3.793150863,-0.061770882,0.016153671
3.854921745,-0.00233125,0.000604563
3.857252994,-0.019376219,0.005010746
3.876629214,0.002504871,-0.000646356
3.874124343,-0.025791855,0.006635404
3.899916198,-0.016621771,0.004253027
3.916537969,-0.001175101,0.000299991
3.91771307,0.032266129,-0.008270063
3.885446941,-0.016441029,0.004222511
3.90188797,-0.002072529,0.000531019
3.903960499,0.00921913,-0.002364274
3.894741369,0.032975396,-0.008502691
3.861765974,-0.015819695,0.004088125
3.877585669,0.019142864,-0.004949026
3.858442805,-0.039517147,0.010189643
3.897959953,-0.012195407,0.00312378
3.91015536,0.018906968,-0.004847078
3.891248392,-0.017563073,0.004503325
3.908811465,0.044820673,-0.011532821
3.863990792,0.06210691,-0.016203831
3.801883882,-0.034107961,0.008931328
3.835991842,-0.041765382,0.010828921
3.877757225,0.013931764,-0.003599207
3.863825461,0.048464978,-0.012622594
3.815360483,-0.044315723,0.011548144
3.859676206,-0.029313214,0.007566039
3.88898942,-0.049713892,0.012702226
3.938703311,0.005119367,-0.001300605
3.933583944,-0.040766921,0.010310475
3.974350865,0.009360968,-0.002358123
3.964989896,-0.008681601,0.002187171
3.973671497,0.017147413,-0.004324594
3.956524084,-0.029035954,0.007311956
3.985560039,-0.001785254,0.00044783
3.987345292,0.005344409,-0.001341242
3.982000883,-0.009302167,0.002333329
3.99130305,-0.032983674,0.008229927
4.024286723,-0.02367191,0.005865029
4.047958633,0.02230484,-0.005525382
4.025653793,-0.020132446,0.004988574
4.045786239,0.029198727,-0.00724324
4.016587512,-0.036133522,0.008955851
4.052721034,-0.011651643,0.002870892
4.064372676,0.003705875,-0.000912211
4.060666802,-0.000856102,0.000210806
4.061522904,-0.019593094,0.004812477
4.081115998,-0.007147331,0.001749786
4.08826333,0.00182219,-0.000445812
4.08644114,-0.000525982,0.000128706
4.086967122,-0.016091266,0.003929484
4.103058388,-0.002357316,0.000574362
4.105415704,-0.010867039,0.002643504
4.116282743,-0.025329395,0.006134608
4.141612138,0.036982606,-0.008969627
4.104629532,0.0171839,-0.004195256
4.087445632,0.008678165,-0.002125384
4.078767467,-0.00978777,0.002396814
4.088555237,-0.034714824,0.008454888
4.123270061,-0.006952917,0.001684843
4.130222978,-0.009690667,0.002343533
4.139913645,0.01933717,-0.004681854
4.120576474,0.03376529,-0.00822807
4.086811184,0.029723957,-0.00729972
4.057087227,-0.030900195,0.007587492
4.087987422,-0.010217541,0.002496288
4.098204963,-0.034180082,0.008305669
4.132385045,0.003128196,-0.000757282
4.129256849,0.003206714,-0.000776886
4.126050135,-0.008751176,0.002118711
4.134801311,-0.035809584,0.008623246
4.170610895,-0.010643938,0.002548878
4.181254833,-0.018412806,0.004393988
4.19966764,-0.015557681,0.003697658
4.215225321,0.003497127,-0.000829986
4.211728194,-0.023822189,0.005640219
4.235550383,-0.019735992,0.004648783
4.255286375,0.00561009,-0.001319251
4.249676285,-0.000435369,0.000102442
4.250111654,-0.013589977,0.003192456
4.26370163,-0.002146697,0.000503355
4.265848328,0.03434623,-0.00808403
4.231502098,-0.011163957,0.002634822
4.242666055,,
