Date,Adj Close,log return
2012/1/3,49.25412,-0.010329997
2012/1/4,48.747944,-0.004868488
2012/1/5,48.511192,-0.007093717
2012/1/6,48.168285,0.003046118
2012/1/9,48.315235,-0.002368267
2012/1/10,48.200947,0.006078939
2012/1/11,48.49485,0.001681959
2012/1/12,48.576485,0.000672054
2012/1/13,48.609142,0.005193372
2012/1/17,48.862244,0.002669643
2012/1/18,48.992863,0.009948722
2012/1/19,49.482712,0.006577896
2012/1/20,49.809277,-0.001640517
2012/1/23,49.727631,0.007849639
2012/1/24,50.119511,0.001302337
2012/1/25,50.184826,-0.008167334
2012/1/26,49.776619,-0.00427355
2012/1/27,49.56435,0.009671317
2012/1/30,50.046028,0.00097838
2012/1/31,50.095016,0.013275316
2012/2/1,50.764477,-0.003867293
2012/2/2,50.568535,0.001451845
2012/2/3,50.642006,-0.002420842
2012/2/6,50.519558,-0.003075317
2012/2/7,50.364433,-0.001135413
2012/2/8,50.307281,0.005502623
2012/2/9,50.584866,-0.000968763
2012/2/10,50.535885,-0.001778655
2012/2/13,50.446079,0.006934991
2012/2/14,50.797138,-0.007420578
2012/2/15,50.421589,0.00452321
2012/2/16,50.650173,0.007067126
2012/2/17,51.009392,-0.039335819
2012/2/21,49.041847,-0.024775871
2012/2/22,47.841721,-0.001024338
2012/2/23,47.79274,0.004261534
2012/2/24,47.996845,-0.005629099
2012/2/27,47.727425,0.008007446
2012/2/28,48.111134,0.002542268
2012/2/29,48.233601,-0.004410566
2012/3/1,48.021332,0.003225046
2012/3/2,48.176453,0.006587232
2012/3/5,48.49485,-0.007265511
2012/3/6,48.143787,0.014979862
2012/3/7,48.870403,0.005157903
2012/3/8,49.123123,0.005173318
2012/3/9,49.377911,0.009936994
2012/3/12,49.871025,0.005259766
2012/3/13,50.134026,0.001310705
2012/3/14,50.19978,0.002452757
2012/3/15,50.323059,-0.006389897
2012/3/16,50.002525,-0.001644869
2012/3/19,49.920345,-0.002307653
2012/3/20,49.805279,-0.000660289
2012/3/21,49.772404,0.001484841
2012/3/22,49.846363,0.001647689
2012/3/23,49.928562,0.007379905
2012/3/26,50.298393,-0.001798971
2012/3/27,50.207989,0.001635592
2012/3/28,50.290176,-0.006064943
2012/3/29,49.986092,0.006228322
2012/3/30,50.298393,0.002611065
2012/4/2,50.429897,-0.011638659
2012/4/3,49.846363,-0.006450961
2012/4/4,49.525841,0.00678082
2012/4/5,49.862808,-0.008940449
2012/4/9,49.418999,-0.003331552
2012/4/10,49.254631,-0.002171614
2012/4/11,49.147785,0.005669566
2012/4/12,49.427223,-0.006171484
2012/4/13,49.123123,0.013461102
2012/4/16,49.788845,0.021070457
2012/4/17,50.849049,0.003066227
2012/4/18,51.005203,-0.005007694
2012/4/19,50.750423,0.011272291
2012/4/20,51.325733,-0.047718035
2012/4/23,48.934086,-0.030178739
2012/4/24,47.479378,-0.007122279
2012/4/25,47.142418,0.027342554
2012/4/26,48.449196,0.001356172
2012/4/27,48.514946,-0.00203503
2012/4/30,48.416317,0.002712345
2012/5/1,48.547817,-0.001016257
2012/5/2,48.498505,-0.000338996
2012/5/3,48.482067,-0.004928209
2012/5/4,48.243725,0.008312986
2012/5/7,48.646446,-0.002368237
2012/5/8,48.531376,0.006415747
2012/5/9,48.843742,0.00270665
2012/5/10,48.976124,0.00387818
2012/5/11,49.166431,-0.005907838
2012/5/14,48.87682,0.004729308
2012/5/15,49.108521,-0.002699649
2012/5/16,48.976124,0.04120715
2012/5/17,51.036449,0.01208627
2012/5/18,51.657032,0.009723441
2012/5/21,52.161766,0.010885849
2012/5/22,52.732693,0.013249707
2012/5/23,53.436035,0.007558768
2012/5/24,53.841476,0.003681357
2012/5/25,54.040051,0.005649421
2012/5/29,54.34621,-0.003660617
2012/5/30,54.147633,0.005789685
2012/5/31,54.46204,-0.004110173
2012/6/1,54.238651,0.006689889
2012/6/4,54.602718,-0.007452994
2012/6/5,54.197277,0.006543322
2012/6/6,54.55307,-0.000910372
2012/6/7,54.503429,0.035054578
2012/6/8,56.447906,-0.010166047
2012/6/11,55.876961,0.002809838
2012/6/12,56.034187,-0.009644536
2012/6/13,55.496361,0.008314499
2012/6/14,55.959709,0.001773275
2012/6/15,56.059029,0.005445977
2012/6/18,56.365158,-0.004561212
2012/6/19,56.10865,0.010415947
2012/6/20,56.696129,-0.012039438
2012/6/21,56.017632,-0.005925734
2012/6/22,55.686668,0.012991019
2012/6/25,56.414814,0.005849526
2012/6/26,56.745781,0.000145939
2012/6/27,56.754063,-0.00423696
2012/6/28,56.514107,0.020577474
2012/6/29,57.689072,-0.005321413
2012/7/2,57.3829,0.019986566
2012/7/3,58.541325,0.00465374
2012/7/5,58.814396,0.003931264
2012/7/6,59.046066,0.005589785
2012/7/9,59.377045,0.004865383
2012/7/10,59.666641,0.002078365
2012/7/11,59.790779,0.00069149
2012/7/12,59.832138,0.011959724
2012/7/13,60.55201,-0.002736383
2012/7/16,60.386543,0.00164256
2012/7/17,60.485813,-0.003425771
2012/7/18,60.278957,-0.018285777
2012/7/19,59.186726,0.010015448
2012/7/20,59.782486,-0.005551568
2012/7/23,59.451519,0.004028039
2012/7/24,59.691475,-0.000832224
2012/7/25,59.641819,0.021819173
2012/7/26,60.957455,0.0114717
2012/7/27,61.660767,0.006154059
2012/7/30,62.041401,-0.007362672
2012/7/31,61.586288,-0.010942069
2012/8/1,60.91608,0.005823668
2012/8/2,61.27187,0.006729669
2012/8/3,61.6856,-0.003628165
2012/8/6,61.4622,-0.00391214
2012/8/7,61.222221,0.009702522
2012/8/8,61.819122,-0.006209541
2012/8/9,61.436443,-0.002304577
2012/8/10,61.295021,-0.003807499
2012/8/13,61.062084,0.008276362
2012/8/14,61.569553,0.005927479
2012/8/15,61.935589,-0.031380248
2012/8/16,60.022213,-0.002220342
2012/8/17,59.889091,0.004297181
2012/8/20,60.146999,-0.012106457
2012/8/21,59.423222,0.004748732
2012/8/22,59.706078,-0.002930323
2012/8/23,59.531376,0.007656344
2012/8/24,59.988918,0.005394075
2012/8/27,60.313377,-0.001242254
2012/8/28,60.238499,0.004959254
2012/8/29,60.537979,-0.007171482
2012/8/30,60.105385,0.004832728
2012/8/31,60.396561,0.012456353
2012/9/4,61.153587,0.000544235
2012/9/5,61.186878,0.016986153
2012/9/6,62.235085,-0.01332199
2012/9/7,61.411488,-0.004208399
2012/9/10,61.153587,0.007453822
2012/9/11,61.611118,0.00013534
2012/9/12,61.619457,0.014342432
2012/9/13,62.509598,-0.008553973
2012/9/14,61.977173,-0.006868945
2012/9/17,61.552914,-0.000540754
2012/9/18,61.519638,0.00566329
2012/9/19,61.86903,0.005096687
2012/9/20,62.185162,-0.00402146
2012/9/21,61.935589,0.0038874
2012/9/24,62.176826,-0.006442458
2012/9/25,61.777542,-0.000943344
2012/9/26,61.719292,-0.00283423
2012/9/27,61.544613,-0.002436159
2012/9/28,61.394863,0.003381628
2012/10/1,61.602829,-0.004059422
2012/10/2,61.353264,0.006082978
2012/10/3,61.727612,0.006983669
2012/10/4,62.160206,0.00547216
2012/10/5,62.501289,0.001595925
2012/10/8,62.601116,-0.014860666
2012/10/9,61.6777,0.017116912
2012/10/10,62.742519,-0.005450455
2012/10/11,62.401474,0.010608408
2012/10/12,63.066978,0.017521551
2012/10/15,64.181747,-0.003115655
2012/10/16,63.98209,0.001558659
2012/10/17,64.081894,-0.006120054
2012/10/18,63.690907,-0.012353903
2012/10/19,62.908916,0.000396558
2012/10/22,62.933868,-0.011834386
2012/10/23,62.193474,0.000802319
2012/10/24,62.243393,0.006660535
2012/10/25,62.659351,-0.002791889
2012/10/26,62.484657,-0.001199189
2012/10/31,62.409771,-0.021150018
2012/11/1,61.103664,-0.009300911
2012/11/2,60.537979,0.005071793
2012/11/5,60.845795,0.008441194
2012/11/6,61.36158,-0.008851495
2012/11/7,60.820835,-0.008654471
2012/11/8,60.296734,-0.002348139
2012/11/9,60.155315,0.002348139
2012/11/12,60.296734,-0.009287074
2012/11/13,59.739346,-0.006986932
2012/11/14,59.323406,-0.036996705
2012/11/15,57.168739,-0.010091357
2012/11/16,56.59473,0.014447475
2012/11/19,57.418316,-0.000289636
2012/11/20,57.401688,-0.001595494
2012/11/21,57.310177,0.018837433
2012/11/23,58.399986,-0.00413986
2012/11/26,58.158718,-0.005882096
2012/11/27,57.817627,0.015137071
2012/11/28,58.699474,0.003819138
2012/11/29,58.924084,0.016661148
2012/11/30,59.914051,-0.009486783
2012/12/3,59.348347,0.010874576
2012/12/4,59.997257,-0.001011708
2012/12/5,59.936588,-0.000837919
2012/12/6,59.886387,0.009730735
2012/12/7,60.47197,-0.00193856
2012/12/10,60.354855,-0.017617954
2012/12/11,59.300838,-0.027892642
2012/12/12,57.669636,0.001449366
2012/12/13,57.753281,-0.004209214
2012/12/14,57.510696,0.006524011
2012/12/17,57.887123,0.004325654
2012/12/18,58.138065,-0.014201035
2012/12/19,57.318279,0.006981141
2012/12/20,57.719826,-0.005085586
2012/12/21,57.427032,-0.001165932
2012/12/24,57.360115,-0.008494467
2012/12/26,56.874935,0.002937382
2012/12/27,57.042244,-0.008542076
2012/12/28,56.55706,0.009128592
2012/12/31,57.07571,0.014694233
2013/1/2,57.920586,-0.006374995
2013/1/3,57.552517,0.003771619
2013/1/4,57.769993,-0.00960244
2013/1/7,57.217915,0.002773933
2013/1/8,57.376854,-0.00029178
2013/1/9,57.360115,-0.003067298
2013/1/10,57.184444,0.003941983
2013/1/11,57.410309,-0.004819705
2013/1/14,57.134274,0.00990689
2013/1/15,57.70311,0.003328193
2013/1/16,57.895477,-0.005215069
2013/1/17,57.594334,0.005070764
2013/1/18,57.887123,0.005476457
2013/1/22,58.205009,-0.001294764
2013/1/23,58.129696,0.004308104
2013/1/24,58.380665,-0.011384037
2013/1/25,57.719826,0.005059509
2013/1/28,58.0126,0.007756323
2013/1/29,58.464314,-0.002005008
2013/1/30,58.34721,0.002863437
2013/1/31,58.514523,0.007690029
2013/2/1,58.966236,-0.012275596
2013/2/4,58.246815,0.016239612
2013/2/5,59.200443,0.007601787
2013/2/6,59.652187,-0.001122735
2013/2/7,59.585251,0.00350385
2013/2/8,59.794395,-0.001119996
2013/2/11,59.727463,0
2013/2/12,59.727463,-0.000140012
2013/2/13,59.719101,-0.008016325
2013/2/14,59.242287,-0.021696452
2013/2/15,57.970783,-0.007822597
2013/2/19,57.51907,0.006522719
2013/2/20,57.895477,0.015057305
2013/2/21,58.773823,0.001990775
2013/2/22,58.890945,0.000568058
2013/2/25,58.924408,0.009466794
2013/2/26,59.484882,0.007704645
2013/2/27,59.944962,-0.012356375
2013/2/28,59.208817,0.013471993
2013/3/1,60.011875,0.020966564
2013/3/4,61.283401,0.006258843
2013/3/5,61.668167,-0.004622528
2013/3/6,61.383762,-0.000817977
2013/3/7,61.333572,0.002467883
2013/3/8,61.485123,-0.000684823
2013/3/11,61.443031,0.008459531
2013/3/12,61.965015,0.00067912
2013/3/13,62.007111,-0.005855456
2013/3/14,61.645092,-0.009881906
2013/3/15,61.038921,-0.003454366
2013/3/18,60.828434,0.002764617
2013/3/19,60.996834,0.007425666
2013/3/20,61.451462,0.001916018
2013/3/21,61.569317,0.015603131
2013/3/22,62.537525,0.007644451
2013/3/25,63.017422,-0.001069784
2013/3/26,62.950043,0.000134272
2013/3/27,62.958496,0.000668455
2013/3/28,63.000595,0.007985668
2013/4/1,63.505711,0.007791744
2013/4/2,64.002464,-0.000263181
2013/4/3,63.985622,0.002628026
2013/4/4,64.153999,0.002490241
2013/4/5,64.313957,0.011712732
2013/4/8,65.071678,0.010681553
2013/4/9,65.77047,-0.009646799
2013/4/10,65.139046,0.005413585
2013/4/11,65.492638,0.009849681
2013/4/12,66.140907,-0.00114609
2013/4/15,66.065147,0.002672406
2013/4/16,66.241936,-0.002162781
2013/4/17,66.098824,-0.017344516
2013/4/18,64.962257,0.014538536
2013/4/19,65.913612,-0.004095787
2013/4/22,65.644196,0.014262202
2013/4/23,66.587135,-0.013493108
2013/4/24,65.694702,0.007914263
2013/4/25,66.21669,0.004946646
2013/4/26,66.545052,-0.008257981
2013/4/29,65.997787,-0.008583902
2013/4/30,65.433693,0.004365543
2013/5/1,65.719971,0.005111097
2013/5/2,66.056732,0.010018507
2013/5/3,66.721848,-0.005313586
2013/5/6,66.368256,0
2013/5/7,66.368256,-0.001405062
2013/5/8,66.27507,0.00191498
2013/5/9,66.402107,0.006230936
2013/5/10,66.817146,-0.004955932
2013/5/13,66.486824,0.003560211
2013/5/14,66.723953,0.013616227
2013/5/15,67.638695,-0.017176438
2013/5/16,66.486824,-0.008057802
2013/5/17,65.953239,-0.006054172
2013/5/20,65.555153,-0.000129197
2013/5/21,65.546684,-0.004662514
2013/5/22,65.241783,-0.00912897
2013/5/23,64.648903,0.012757
2013/5/24,65.478912,0.000129682
2013/5/28,65.487404,-0.014197726
2013/5/29,64.564201,-0.007902392
2013/5/30,64.056,-0.010500454
2013/5/31,63.386902,0.011293975
2013/6/3,64.10685,0.003297449
2013/6/4,64.318588,-0.009127613
2013/6/5,63.734184,0.005036642
2013/6/6,64.056,0.009213436
2013/6/7,64.648903,-0.00762763
2013/6/10,64.157661,-0.006622448
2013/6/11,63.734184,-0.005463812
2013/6/12,63.386902,0.002135825
2013/6/13,63.52243,-0.001734734
2013/6/14,63.412331,0.001067629
2013/6/17,63.480068,0.010353281
2013/6/18,64.140709,-0.016912182
2013/6/19,63.065071,-0.019391833
2013/6/20,61.853905,0.006551127
2013/6/21,62.260448,0.009342662
2013/6/24,62.844852,0.002288514
2013/6/25,62.988838,0.008569023
2013/6/26,63.53091,0.003327183
2013/6/27,63.742641,-0.01028403
2013/6/28,63.090469,0.001341774
2013/7/1,63.175179,0.001607425
2013/7/2,63.27681,0.000668884
2013/7/3,63.319149,0.006001084
2013/7/5,63.700275,0.019748043
2013/7/8,64.970734,0.004163185
2013/7/9,65.241783,-0.003381185
2013/7/10,65.021561,0.011140049
2013/7/11,65.749954,0
2013/7/12,65.749954,-0.007758864
2013/7/15,65.241783,0.004404085
2013/7/16,65.529747,-0.00219974
2013/7/17,65.385757,0.001811734
2013/7/18,65.504326,0.009522889
2013/7/19,66.131096,-0.002693084
2013/7/22,65.953239,0.008694237
2013/7/23,66.529152,-0.004082008
2013/7/24,66.258133,-0.00281619
2013/7/25,66.0718,-0.00012852
2013/7/26,66.063309,-0.000128203
2013/7/29,66.05484,-0.001282651
2013/7/30,65.970169,0.000641766
2013/7/31,66.01252,0.003586319
2013/8/1,66.249687,0.006752428
2013/8/2,66.698547,0.000254021
2013/8/5,66.715492,-0.011491199
2013/8/6,65.953239,-0.00038782
2013/8/7,65.927666,-0.001552374
2013/8/8,65.825401,-0.00454084
2013/8/9,65.527176,0.002337988
2013/8/12,65.680557,-0.002858564
2013/8/13,65.493073,-0.006002505
2013/8/14,65.101128,-0.026392561
2013/8/15,63.405418,-0.004040014
2013/8/16,63.149776,-0.007176929
2013/8/19,62.698177,-0.004768235
2013/8/20,62.399929,0.004360628
2013/8/21,62.672626,-0.001224905
2013/8/22,62.595905,-0.000272499
2013/8/23,62.57885,-0.005598021
2013/8/26,62.229511,-0.002330468
2013/8/27,62.084656,-0.006609963
2013/8/28,61.675632,0.000690699
2013/8/29,61.718246,0.007564903
2013/8/30,62.186909,-0.004119225
2013/9/3,61.931274,0.003159543
2013/9/4,62.127258,-0.003297335
2013/9/5,61.922741,-0.001101284
2013/9/6,61.854584,0.012594022
2013/9/9,62.638508,0.006103322
2013/9/10,63.02198,0.001215915
2013/9/11,63.098656,-0.001892257
2013/9/12,62.97937,0.006070042
2013/9/13,63.36282,0.005632201
2013/9/16,63.720699,0.004935424
2013/9/17,64.035965,0.016758526
2013/9/18,65.118156,-0.002751695
2013/9/19,64.939217,-0.004998674
2013/9/20,64.615417,0.007750369
2013/9/23,65.118156,-0.008805798
2013/9/24,64.547256,-0.014627985
2013/9/25,63.609932,-0.000402062
2013/9/26,63.584362,-0.003490306
2013/9/27,63.36282,-0.0053937
2013/9/30,63.02198,-0.005015813
2013/10/1,62.706665,0.001765
2013/10/2,62.81744,-0.007624816
2013/10/3,62.34029,-0.0049328
2013/10/4,62.033535,-0.012857214
2013/10/7,61.241062,0.014229738
2013/10/8,62.118736,0.001370965
2013/10/9,62.203957,0.024224696
2013/10/10,63.729229,0.00040085
2013/10/11,63.75478,-0.001872765
2013/10/14,63.635494,-0.004159909
2013/10/15,63.371326,0.016403979
2013/10/16,64.419441,0.002377911
2013/10/17,64.572807,-0.000924376
2013/10/18,64.513145,-0.007424123
2013/10/21,64.035965,0.015449447
2013/10/22,65.032967,-0.005518964
2013/10/23,64.675041,0.006828042
2013/10/24,65.118156,-0.004458931
2013/10/25,64.828445,0.013836558
2013/10/28,65.731682,-0.001037725
2013/10/29,65.663506,-0.001948427
2013/10/30,65.53569,-0.002082637
2013/10/31,65.399345,0.004160838
2013/11/1,65.672028,0.003368011
2013/11/4,65.893585,0.001162957
2013/11/5,65.970261,0.00951311
2013/11/6,66.600838,-0.008351171
2013/11/7,66.046959,0.005788869
2013/11/8,66.430405,0.013378548
2013/11/11,67.325119,-0.003804071
2013/11/12,67.069496,0.002411065
2013/11/13,67.2314,0.002278791
2013/11/14,67.384781,0.001768316
2013/11/15,67.504044,0
2013/11/18,67.504044,0.000379002
2013/11/19,67.529633,-0.004426109
2013/11/20,67.2314,-0.000507273
2013/11/21,67.197304,0.011974425
2013/11/22,68.00679,0.007738732
2013/11/25,68.535118,0.003103367
2013/11/26,68.748138,0.003093882
2013/11/27,68.961166,0.000987909
2013/11/29,69.029327,0.001233801
2013/12/2,69.114548,0.001232483
2013/12/3,69.199783,-0.006461399
2013/12/4,68.754097,-0.009771016
2013/12/5,68.085571,0.006274121
2013/12/6,68.514091,0.000125163
2013/12/9,68.522667,-0.010941116
2013/12/10,67.777039,0.000126392
2013/12/11,67.785606,-0.007487777
2013/12/12,67.279938,-0.005364816
2013/12/13,66.91996,-0.004364144
2013/12/16,66.628548,-0.006322952
2013/12/17,66.208588,0.008892718
2013/12/18,66.799988,-0.009022136
2013/12/19,66.20002,0.002456707
2013/12/20,66.362854,0.005666851
2013/12/23,66.73999,0.001796109
2013/12/24,66.85997,0.004859072
2013/12/26,67.185638,0.001020129
2013/12/27,67.254211,0.002036919
2013/12/30,67.391342,0.000763204
2013/12/31,67.442795,0.002791506
2014/1/2,67.631325,-0.003300467
2014/1/3,67.408478,-0.005610048
2014/1/6,67.031372,0.003064296
2014/1/7,67.237091,-0.007934818
2014/1/8,66.705688,0.003334853
2014/1/9,66.928513,-0.000640171
2014/1/10,66.885681,-0.007072875
2014/1/13,66.414276,0.006047017
2014/1/14,66.817101,-0.003855405
2014/1/15,66.55999,-0.011656771
2014/1/16,65.78862,-0.007453154
2014/1/17,65.30011,-0.004604451
2014/1/21,65.00013,-0.006481872
2014/1/22,64.58017,-0.005189801
2014/1/23,64.24588,-0.00722963
2014/1/24,63.783081,-0.003634392
2014/1/27,63.551689,0.006987898
2014/1/28,63.997337,-0.007662868
2014/1/29,63.508808,0.008733792
2014/1/30,64.06591,-0.000936693
2014/1/31,64.005928,-0.02742144
2014/2/3,62.274639,0.000963155
2014/2/4,62.334648,0.001922986
2014/2/5,62.454632,-0.000686414
2014/2/6,62.411777,0.012690411
2014/2/7,63.208855,0.000135478
2014/2/10,63.217419,0.014001323
2014/2/11,64.108772,0.002136394
2014/2/12,64.24588,0.005322449
2014/2/13,64.588737,0.005689469
2014/2/14,64.95726,-0.006087854
2014/2/18,64.563011,-0.006392208
2014/2/19,64.151627,-0.017928617
2014/2/20,63.011726,-0.005455413
2014/2/21,62.668907,0.003140372
2014/2/24,62.86602,0
2014/2/25,62.86602,0.019308092
2014/2/26,64.091637,-0.002946624
2014/2/27,63.903061,0.001876365
2014/2/28,64.023079,-0.007794829
2014/3/3,63.52597,0.013534422
2014/3/4,64.391602,-0.004402018
2014/3/5,64.108772,0.001068705
2014/3/6,64.177322,0.002416406
2014/3/7,64.332588,-0.002012887
2014/3/10,64.203224,0.006561476
2014/3/11,64.625877,0.00810928
2014/3/12,65.152077,-0.007975767
2014/3/13,64.634506,-0.008712405
2014/3/14,64.07383,0.005370342
2014/3/17,64.418854,0.001204217
2014/3/18,64.496475,-0.005229361
2014/3/19,64.16008,0.013354952
2014/3/20,65.022682,0.009506155
2014/3/21,65.643745,0.008635618
2014/3/24,66.213074,0.001431909
2014/3/25,66.307953,-0.008360596
2014/3/26,65.75589,-0.001181154
2014/3/27,65.678268,-0.001708934
2014/3/28,65.566124,0.005510463
2014/3/31,65.928421,0.004438279
2014/4/1,66.22168,0.005326457
2014/4/2,66.575348,0.003621714
2014/4/3,66.816902,-0.001938888
2014/4/4,66.687477,0
2014/4/7,66.687477,0.011190954
2014/4/8,67.437965,-0.002689816
2014/4/9,67.256813,-0.013948708
2014/4/10,66.32518,-0.005084583
2014/4/11,65.9888,0.011437611
2014/4/14,66.747887,-0.00648279
2014/4/15,66.316574,0.004412704
2014/4/16,66.609856,0.005681888
2014/4/17,66.989403,-0.000772928
2014/4/21,66.937645,-0.000515538
2014/4/22,66.903145,0.006169681
2014/4/23,67.317192,0.003453814
2014/4/24,67.550095,0.003950656
2014/4/25,67.81749,0.01439609
2014/4/28,68.800858,-0.001129184
2014/4/29,68.723213,0.000502004
2014/4/30,68.757721,-0.000125725
2014/5/1,68.749077,-0.007303533
2014/5/2,68.248795,-0.006339652
2014/5/5,67.81749,-0.007788858
2014/5/6,67.291321,0.005530934
2014/5/7,67.664536,0.009320346
2014/5/8,68.298141,0.006459678
2014/5/9,68.740753,-0.00063128
2014/5/12,68.697372,-0.000126272
2014/5/13,68.688698,-0.005067156
2014/5/14,68.341522,-0.024555713
2014/5/15,66.683784,0.002339734
2014/5/16,66.839989,-0.005207793
2014/5/19,66.492805,-0.012081385
2014/5/20,65.694313,-0.000396673
2014/5/21,65.668259,-0.003574773
2014/5/22,65.433929,0.002913824
2014/5/23,65.62487,-0.00026463
2014/5/27,65.607506,-0.00079399
2014/5/28,65.555435,0.00594009
2014/5/29,65.945999,0.01034387
2014/5/30,66.631676,-0.000130427
2014/6/2,66.622986,-0.000651579
2014/6/3,66.57959,0.005460317
2014/6/4,66.94413,0.002460592
2014/6/5,67.109055,-0.001423802
2014/6/6,67.013573,-0.002593642
2014/6/9,66.839989,-0.005077216
2014/6/10,66.501488,-0.006021901
2014/6/11,66.102226,-0.005661677
2014/6/12,65.729034,-0.005959985
2014/6/13,65.338455,0.000796503
2014/6/16,65.390518,-0.004656437
2014/6/17,65.086739,0.009423456
2014/6/18,65.70298,0.002243119
2014/6/19,65.850525,-0.002507434
2014/6/20,65.685616,0.00145255
2014/6/23,65.781097,0.00237238
2014/6/24,65.93734,-0.004617747
2014/6/25,65.63356,-0.009433116
2014/6/26,65.017342,0.005723229
2014/6/27,65.390518,-0.003589845
2014/6/30,65.156197,0.002793342
2014/7/1,65.338455,0.00450639
2014/7/2,65.63356,0.001717523
2014/7/3,65.746384,0.004215169
2014/7/7,66.024101,0.00759596
2014/7/8,66.527527,0.007279379
2014/7/9,67.013573,-0.00194484
2014/7/10,66.883369,-0.003118966
2014/7/11,66.675087,-0.003521028
2014/7/14,66.440735,0.003781316
2014/7/15,66.692444,0.000259981
2014/7/16,66.709785,-0.003257897
2014/7/17,66.492805,0.006246078
2014/7/18,66.909424,-0.004159744
2014/7/21,66.631676,-0.001694684
2014/7/22,66.518852,0.004556534
2014/7/23,66.822639,-0.008347737
2014/7/24,66.267143,-0.004989297
2014/7/25,65.93734,-0.00342824
2014/7/28,65.711678,-0.003572987
2014/7/29,65.47731,-0.008786789
2014/7/30,64.904495,-0.016177391
2014/7/31,63.862957,-0.00054353
2014/8/1,63.828255,0
2014/8/4,63.828255,-0.002723504
2014/8/5,63.654655,0.018224243
2014/8/6,64.825348,-0.003374725
2014/8/7,64.606949,0.009688784
2014/8/8,65.235954,-0.004159925
2014/8/11,64.965141,-0.001884538
2014/8/12,64.842827,-0.002563211
2014/8/13,64.676834,0.004850961
2014/8/14,64.991341,-0.006608481
2014/8/15,64.563263,0.007951696
2014/8/18,65.078697,0.005221987
2014/8/19,65.419426,0.001068042
2014/8/20,65.489334,0.007840041
2014/8/21,66.004791,0.002379796
2014/8/22,66.162056,-0.00052804
2014/8/25,66.127129,-0.002248988
2014/8/26,65.978577,0.004360187
2014/8/27,66.266884,0.000659026
2014/8/28,66.31057,-0.005284289
2014/8/29,65.96109,0.003306133
2014/9/2,66.179527,0.003426348
2014/9/3,66.40667,0.007209876
2014/9/4,66.887184,0.012332063
2014/9/5,67.717148,-0.012723829
2014/9/8,66.860985,0.002740085
2014/9/9,67.044441,-0.003001542
2014/9/10,66.843506,-0.005373195
2014/9/11,66.485306,-0.004346073
2014/9/12,66.196983,0.000527845
2014/9/15,66.231934,0.006704801
2014/9/16,66.677498,-0.001048549
2014/9/17,66.60762,-0.000262212
2014/9/18,66.590157,0.008100928
2014/9/19,67.13179,-0.006921075
2014/9/22,66.66877,-0.009347761
2014/9/23,66.04847,0.019387584
2014/9/24,67.341484,-0.012532624
2014/9/25,66.502785,0.004848924
2014/9/26,66.826035,-0.005374724
2014/9/29,66.467827,0.00511313
2014/9/30,66.808556,-0.00458733
2014/10/1,66.502785,0.001443889
2014/10/2,66.598877,0.014197669
2014/10/3,67.55117,0.000387883
2014/10/6,67.577377,-0.000646668
2014/10/7,67.533691,0.012087266
2014/10/8,68.354942,-0.004868952
2014/10/9,68.022934,0.005507634
2014/10/10,68.398613,-0.009368188
2014/10/13,67.760834,0.005400774
2014/10/14,68.127785,-0.03630123
2014/10/15,65.699013,-0.018521831
2014/10/16,64.493347,0.003786145
2014/10/17,64.737991,0.01393735
2014/10/20,65.646584,0.011643587
2014/10/21,66.415413,0.000131527
2014/10/22,66.424149,0.002889453
2014/10/23,66.616356,0.0017034
2014/10/24,66.729927,0.002745698
2014/10/27,66.913399,-0.003138732
2014/10/28,66.703705,0.000523822
2014/10/29,66.738655,0.000785054
2014/10/30,66.791069,-0.002357012
2014/10/31,66.633827,0.000130751
2014/11/3,66.64254,0.012765833
2014/11/4,67.498741,0.005678987
2014/11/5,67.883156,0.001414667
2014/11/6,67.979256,0.012262303
2014/11/7,68.81797,0.008469918
2014/11/10,69.403328,-0.005427686
2014/11/11,69.027649,0.002401614
2014/11/12,69.193626,0.046141504
2014/11/13,72.461128,0.000241093
2014/11/14,72.4786,0.007325795
2014/11/17,73.011513,0.002629208
2014/11/18,73.203728,0.014220102
2014/11/19,74.252129,-0.004835778
2014/11/20,73.893929,0.000826979
2014/11/21,73.955063,0.008821197
2014/11/24,74.610321,-0.005283216
2014/11/25,74.217178,0.00035305
2014/11/26,74.243385,0.029679736
2014/11/28,76.479935,-0.015193486
2014/12/1,75.326721,0.002085185
2014/12/2,75.483955,-0.011471534
2014/12/3,74.622986,-0.00212126
2014/12/4,74.464859,-0.007579367
2014/12/5,73.902596,0.001307029
2014/12/8,73.999252,-0.007986346
2014/12/9,73.410622,-0.006965117
2014/12/10,72.901085,0.010191116
2014/12/11,73.647827,-0.000238596
2014/12/12,73.630257,0.001549954
2014/12/15,73.744469,-0.011743624
2014/12/16,72.883507,0.015192613
2014/12/17,73.999252,0.020098082
2014/12/18,75.501541,-0.009117505
2014/12/19,74.816284,0.014224022
2014/12/22,75.888077,0.003236505
2014/12/23,76.134087,-0.002657596
2014/12/24,75.932022,0.005538287
2014/12/26,76.353722,-0.003111613
2014/12/29,76.116508,0.001729941
2014/12/30,76.248299,-0.010540336
2014/12/31,75.448837,0.000232753
2015/1/2,75.4664,-0.002914505
2015/1/5,75.246773,0.007676228
2015/1/6,75.826607,0.026186252
2015/1/7,77.838448,0.020886476
2015/1/8,79.481316,-0.012457173
2015/1/9,78.497345,0.007470471
2015/1/12,79.085953,-0.007918051
2015/1/13,78.462219,-0.030698112
2015/1/14,76.090172,0.008850852
2015/1/15,76.766624,-0.007005326
2015/1/16,76.230728,-0.000922389
2015/1/20,76.160446,-0.00057708
2015/1/21,76.116508,0.018978433
2015/1/22,77.574875,0.002375639
2015/1/23,77.759384,0.001354456
2015/1/26,77.864777,-0.012488533
2015/1/27,76.898407,-0.008144506
2015/1/28,76.274651,0.010312952
2015/1/29,77.065338,-0.03173382
2015/1/30,74.658157,0.008553401
2015/2/2,75.299477,0.005584668
2015/2/3,75.721176,0.005322784
2015/2/4,76.125298,0.007244367
2015/2/5,76.67878,0.000572941
2015/2/6,76.722725,-0.016393969
2015/2/9,75.475189,0.015935538
2015/2/10,76.687561,-0.010942907
2015/2/11,75.852951,-0.005225251
2015/2/12,75.457634,-0.000932043
2015/2/13,75.387337,0.001746447
2015/2/17,75.519112,0.003831638
2015/2/18,75.809029,-0.032627473
2015/2/19,73.375488,0.009295611
2015/2/20,74.060738,0.003552236
2015/2/23,74.324287,-0.00035451
2015/2/24,74.297943,-0.01189502
2015/2/25,73.419403,0.002748516
2015/2/26,73.621475,0.001550247
2015/2/27,73.735695,0.000357321
2015/3/2,73.762047,-0.007052012
2015/3/3,73.243706,-0.009521026
2015/3/4,72.54966,0.011916954
2015/3/5,73.419403,-0.01179634
2015/3/6,72.558411,0.003505488
2015/3/9,72.81321,-0.009821256
2015/3/10,72.101593,-0.010969202
2015/3/11,71.315018,0.014883967
2015/3/12,72.384407,0
2015/3/13,72.384407,0.016829786
2015/3/16,73.61293,-0.00807681
2015/3/17,73.020767,-0.001089928
2015/3/18,72.941223,-0.012313713
2015/3/19,72.048553,0.020879778
2015/3/20,73.568726,0.000840683
2015/3/23,73.6306,-0.003125825
2015/3/24,73.400803,-0.021050635
2015/3/25,71.871819,0.006985027
2015/3/26,72.375603,-0.006616438
2015/3/27,71.898315,0.014401123
2015/3/30,72.941223,-0.003398569
2015/3/31,72.693748,-0.018900928
2015/4/1,71.332672,0.000248004
2015/4/2,71.350365,0.003215397
2015/4/6,71.580154,-0.006068362
2015/4/7,71.147095,0.006561953
2015/4/8,71.615494,-0.002347329
2015/4/9,71.447586,-0.002353175
2015/4/10,71.279655,-0.004473763
2015/4/13,70.961479,-0.001745299
2015/4/14,70.837738,-0.005128126
2015/4/15,70.475403,-0.006290699
2015/4/16,70.033455,-0.017311713
2015/4/17,68.83149,0.003332868
2015/4/20,69.061279,-0.001408626
2015/4/21,68.964066,0.005113097
2015/4/22,69.317589,0.009517277
2015/4/23,69.980453,0.008300724
2015/4/24,70.563759,-0.005903914
2015/4/27,70.148384,-0.003407502
2015/4/28,69.90976,-0.015543924
2015/4/29,68.83149,0.002180633
2015/4/30,68.98175,0.007021748
2015/5/1,69.467827,0.007352236
2015/5/4,69.980453,-0.013350005
2015/5/5,69.052422,0.000128807
2015/5/6,69.061317,0.00488212
2015/5/7,69.399307,0.00638733
2015/5/8,69.844002,-0.005490778
2015/5/11,69.461555,0.010951231
2015/5/12,70.226425,-0.010183
2015/5/13,69.514938,0.007139274
2015/5/14,70.013,0.006583781
2015/5/15,70.475471,0.008544631
2015/5/18,71.080238,-0.044650531
2015/5/19,67.97628,-0.006958544
2015/5/20,67.504906,0.002762794
2015/5/21,67.691666,-0.003290168
2015/5/22,67.469315,-0.012735484
2015/5/26,66.615509,0.003864056
2015/5/27,66.873413,-0.004665617
2015/5/28,66.562134,-0.007645586
2015/5/29,66.055168,0.00617484
2015/6/1,66.46431,-0.002680138
2015/6/2,66.286415,0.004818893
2015/6/3,66.606613,-0.0099304
2015/6/4,65.948456,-0.014809142
2015/6/5,64.979012,-0.006178436
2015/6/8,64.578781,-0.001929925
2015/6/9,64.454269,0.006327494
2015/6/10,64.863396,0.00013714
2015/6/11,64.872292,-0.00701662
2015/6/12,64.418701,-0.006927009
2015/6/15,63.974014,0.005821766
2015/6/16,64.347542,0.0052387
2015/6/17,64.685524,0.003431644
2015/6/18,64.907883,-0.003294358
2015/6/19,64.694405,0.000687288
2015/6/22,64.738884,-0.003026918
2015/6/23,64.543221,-0.002621586
2015/6/24,64.374237,-0.00721039
2015/6/25,63.911743,0.00361146
2015/6/26,64.142975,-0.009753147
2015/6/29,63.52042,-0.006884651
2015/6/30,63.084606,0.013304683
2015/7/1,63.929535,-0.000278345
2015/7/2,63.911743,0.009280736
2015/7/6,64.507652,0.017222742
2015/7/7,65.628273,-0.009942269
2015/7/8,64.979012,-0.003839383
2015/7/9,64.730011,0.004660465
2015/7/10,65.032387,0.010340162
2015/7/13,65.708321,-0.001218975
2015/7/14,65.628273,-0.001898911
2015/7/15,65.503769,0.002441076
2015/7/16,65.663864,-0.00597773
2015/7/17,65.272514,-0.003959369
2015/7/20,65.014587,-0.004936938
2015/7/21,64.694405,0.005757587
2015/7/22,65.067963,-0.008924291
2015/7/23,64.489861,-0.012909058
2015/7/24,63.662708,-0.002797932
2015/7/27,63.484833,0.010036614
2015/7/28,64.125214,0.001801583
2015/7/29,64.240845,-0.000969807
2015/7/30,64.178574,-0.002497531
2015/7/31,64.018486,0.002774704
2015/8/3,64.196365,0.000969071
2015/8/4,64.258606,0.024094193
2015/8/5,65.825668,-0.009842774
2015/8/6,65.180939,-0.021383952
2015/8/7,63.80191,0.003223089
2015/8/10,64.007881,0.006275896
2015/8/11,64.410851,0.008995751
2015/8/12,64.992889,-0.006496535
2015/8/13,64.572029,0.003737168
2015/8/14,64.813797,-0.006514668
2015/8/17,64.392929,-0.03437631
2015/8/18,62.216953,-0.013183987
2015/8/19,61.402069,-0.002043435
2015/8/20,61.276726,-0.028008031
2015/8/21,59.584297,-0.039701856
2015/8/24,57.265034,-0.013380708
2015/8/25,56.503891,0.027047624
2015/8/26,58.053043,0.019097397
2015/8/27,59.172359,-0.017402179
2015/8/28,58.151539,-0.003238963
2015/8/31,57.963493,-0.014158121
2015/9/1,57.148621,0.009667838
2015/9/2,57.703804,0.006496395
2015/9/3,58.079891,-0.015068062
2015/9/4,57.2113,0.038232961
2015/9/8,59.44101,-0.019164124
2015/9/9,58.312721,-0.015475261
2015/9/10,57.417263,0.008231608
2015/9/11,57.89185,-0.00573949
2015/9/14,57.560532,0.000622038
2015/9/15,57.596348,0.005736121
2015/9/16,57.927677,-0.003406831
2015/9/17,57.730663,-0.017682799
2015/9/18,56.718796,0.00598134
2015/9/21,57.059067,-0.002042251
2015/9/22,56.942657,0.002042251
2015/9/23,57.059067,0.001724915
2015/9/24,57.157574,-0.000783633
2015/9/25,57.112801,-0.001883189
2015/9/28,57.005348,0.001883189
2015/9/29,57.112801,0.016482938
2015/9/30,58.061989,-0.008829852
2015/10/1,57.551567,0.010986837
2015/10/2,58.187363,0.013603344
2015/10/5,58.984314,-0.00288846
2015/10/6,58.814186,0.010300073
2015/10/7,59.423107,0.0078053
2015/10/8,59.888737,-0.002844978
2015/10/9,59.718597,0.003592168
2015/10/12,59.933502,-0.002992334
2015/10/13,59.754429,-0.105810367
2015/10/14,53.754799,-0.011729246
2015/10/15,53.127979,-0.007443842
2015/10/16,52.733971,-0.000679489
2015/10/19,52.698151,-0.001700689
2015/10/20,52.608604,-0.001874263
2015/10/21,52.510094,0.004424203
2015/10/22,52.742924,-0.010238895
2015/10/23,52.20565,-0.0048145
2015/10/26,51.95491,-0.009350846
2015/10/27,51.471352,0.002779875
2015/10/28,51.614635,0.005536347
2015/10/29,51.901184,-0.012500061
2015/10/30,51.256454,0.006443281
2015/11/2,51.58778,0.008641355
2015/11/3,52.0355,0.004464388
2015/11/4,52.268326,0.004103276
2015/11/5,52.483238,0.002896119
2015/11/6,52.635456,-0.004945576
2015/11/9,52.375786,0.003243164
2015/11/10,52.545925,-0.018923586
2015/11/11,51.560917,-0.011001685
2015/11/12,50.996769,-0.009350087
2015/11/13,50.522167,0.025375467
2015/11/16,51.820595,0.034811233
2015/11/17,53.6563,0.016715302
2015/11/18,54.560719,-0.003781799
2015/11/19,54.354771,-0.010433457
2015/11/20,53.790611,0.00315794
2015/11/23,53.960747,-0.005657985
2015/11/24,53.6563,0.0053263
2015/11/25,53.942852,-0.005827093
2015/11/27,53.629436,-0.017687633
2015/11/30,52.689198,0.002546102
2015/12/1,52.823521,-0.002567397
2015/12/2,52.688076,0.011755753
2015/12/3,53.311119,0.010446562
2015/12/4,53.870956,0.013981522
2015/12/7,54.629444,-0.014819931
2015/12/8,53.825809,-0.008084828
2015/12/9,53.392391,0.007245734
2015/12/10,53.780663,-0.003363511
2015/12/11,53.600075,0.017202761
2015/12/14,54.530121,-0.01249701
2015/12/15,53.852898,0.011005566
2015/12/16,54.448853,-0.022133471
2015/12/17,53.25695,-0.002206709
2015/12/18,53.139557,0.011824457
2015/12/21,53.771633,0.016487999
2015/12/22,54.665569,0.009043895
2015/12/23,55.162201,-0.004265113
2015/12/24,54.927429,-0.001315964
2015/12/28,54.855194,0.014057097
2015/12/29,55.631744,0.001135361
2015/12/30,55.694942,-0.006179759
2015/12/31,55.351822,0.002606631
2016/1/4,55.496292,0.023477497
2016/1/5,56.814621,0.009963084
2016/1/6,57.383499,0.023021536
2016/1/7,58.719879,-0.023178963
2016/1/8,57.374466,0.01064513
2016/1/11,57.988487,-0.009386912
2016/1/12,57.446701,-0.027084777
2016/1/13,55.911652,0.018243615
2016/1/14,56.941044,-0.018081944
2016/1/15,55.920692,0.010121564
2016/1/19,56.489571,-0.027878883
2016/1/20,54.936455,0.016949725
2016/1/21,55.875549,0.013004802
2016/1/22,56.606945,0.012050349
2016/1/25,57.293205,0.008630692
2016/1/26,57.789825,-0.000781325
2016/1/27,57.74469,0.004213094
2016/1/28,57.988487,0.032779817
2016/1/29,59.920837,0.017033059
2016/2/1,60.950214,-0.009526546
2016/2/2,60.372326,-0.008863874
2016/2/3,59.839558,0.002261028
2016/2/4,59.97501,0.008694513
2016/2/5,60.498737,-0.001493923
2016/2/8,60.408424,-0.016427166
2016/2/9,59.424191,-0.000303761
2016/2/10,59.406143,-0.007169683
2016/2/11,58.981743,0.013080272
2016/2/12,59.758308,-0.004239986
2016/2/16,59.50547,0.003181548
2016/2/17,59.695091,-0.030563666
2016/2/18,57.89819,0.008386449
2016/2/19,58.385792,0.014890066
2016/2/22,59.261665,0.012867989
2016/2/23,60.029171,0.009581124
2016/2/24,60.607082,0.013613742
2016/2/25,61.437813,-0.02274352
2016/2/26,60.056271,-0.002559208
2016/2/29,59.902771,0.001807114
2016/3/1,60.01112,-0.003768578
2016/3/2,59.785389,-0.001057841
2016/3/3,59.722179,0.009629905
2016/3/4,60.300076,0.016485108
2016/3/7,61.302368,0.002207021
2016/3/8,61.437813,-0.000148031
2016/3/9,61.428719,-0.001778437
2016/3/10,61.319569,-0.003566701
2016/3/11,61.10125,0.002824558
2016/3/14,61.274078,0.010778843
2016/3/15,61.938114,-0.001469416
2016/3/16,61.847168,-0.007974354
2016/3/17,61.355938,-0.007440587
2016/3/18,60.901108,0.015120624
2016/3/21,61.828968,-0.001472562
2016/3/22,61.737988,-0.006059073
2016/3/23,61.365044,0.00797261
2016/3/24,61.856239,0.001763521
2016/3/28,61.96542,-0.001322175
2016/3/29,61.883545,0.011255038
2016/3/30,62.583981,-0.00451616
2016/3/31,62.301979,0.008288071
2016/4/1,62.820488,0.00057907
2016/4/4,62.856876,-0.006679493
2016/4/5,62.438423,0.005810731
2016/4/6,62.802292,-0.011948227
2016/4/7,62.056381,-0.002348251
2016/4/8,61.910828,-0.009744578
2016/4/11,61.310463,0.020558837
2016/4/12,62.583981,0.005074316
2016/4/13,62.902359,-0.005074316
2016/4/14,62.583981,0.003771912
2016/4/15,62.820488,0.011517505
2016/4/18,63.548206,-0.001289223
2016/4/19,63.466331,-0.008058846
2016/4/20,62.956921,-0.010749676
2016/4/21,62.283779,0.003644718
2016/4/22,62.5112,0.010854631
2016/4/25,63.193432,-0.002449914
2016/4/26,63.038803,0.001729976
2016/4/27,63.147953,-0.007373564
2016/4/28,62.68404,-0.030050841
2016/4/29,60.828354,0.010709369
2016/5/2,61.483288,-0.008767229
2016/5/3,60.946606,0.0028316
2016/5/4,61.119427,0.000297668
2016/5/5,61.137623,0.015355521
2016/5/6,62.083668,0.010204065
2016/5/9,62.720417,-0.002323249
2016/5/10,62.574871,-0.027915556
2016/5/11,60.852215,0.006603446
2016/5/12,61.255379,-0.028987458
2016/5/13,59.50523,0.016493963
2016/5/16,60.494846,-0.01403311
2016/5/17,59.651844,-0.030411728
2016/5/18,57.865036,0.091488026
2016/5/19,63.408718,0.009492342
2016/5/20,64.013481,-0.005166613
2016/5/23,63.683601,0.010591197
2016/5/24,64.361671,0.003411193
2016/5/25,64.581596,0.005235984
2016/5/26,64.920631,-0.001412274
2016/5/27,64.82901,0.000423933
2016/5/31,64.856499,-0.003963794
2016/6/1,64.59993,0.00636231
2016/6/2,65.012245,-0.001127577
2016/6/3,64.93898,0.002536472
2016/6/6,65.103905,-0.000281759
2016/6/7,65.085564,0.003513725
2016/6/8,65.314659,-0.002669163
2016/6/9,65.140556,0.000702848
2016/6/10,65.186356,-0.00861142
2016/6/13,64.627419,0.005936873
2016/6/14,65.012245,0.002393482
2016/6/15,65.168037,0.002527568
2016/6/16,65.332962,-0.00492105
2016/6/17,65.012245,0.002112246
2016/6/20,65.149712,0.005050394
2016/6/21,65.479576,0.004050152
2016/6/22,65.745316,0.004866192
2016/6/23,66.066025,-0.001943597
2016/6/24,65.937744,-0.006412928
2016/6/27,65.516243,0.000139971
2016/6/28,65.525414,0.013197075
2016/6/29,66.395889,0.007698629
2016/6/30,66.909019,-0.002879764
2016/7/1,66.716614,0.004522005
2016/7/5,67.01899,0.009253952
2016/7/6,67.642059,-0.003936002
2016/7/7,67.376343,0.004207113
2016/7/8,67.6604,0.00297492
2016/7/11,67.861984,-0.010724304
2016/7/12,67.1381,0.004765705
2016/7/13,67.458824,0.001085703
2016/7/14,67.532104,-0.000407015
2016/7/15,67.504623,0.002304991
2016/7/18,67.6604,-0.00244028
2016/7/19,67.495491,0.001762933
2016/7/20,67.614586,-0.003665773
2016/7/21,67.36718,0.000408187
2016/7/22,67.394684,0.002715486
2016/7/25,67.577942,-0.00027122
2016/7/26,67.559616,-0.005576668
2016/7/27,67.183907,-0.00109169
2016/7/28,67.110603,-0.003693114
2016/7/29,66.863213,0.011039148
2016/8/1,67.605415,-0.008848803
2016/8/2,67.009827,-0.002601672
2016/8/3,66.835716,0.004923544
2016/8/4,67.165596,0.006255836
2016/8/5,67.58709,-0.005710527
2016/8/8,67.202232,0.002723593
2016/8/9,67.385513,0.012381892
2016/8/10,68.22506,-0.002030494
2016/8/11,68.08667,0.001218629
2016/8/12,68.169693,-0.007744173
2016/8/15,67.643814,-0.005881776
2016/8/16,67.247116,0.000548617
2016/8/17,67.284019,0.018610984
2016/8/18,68.547966,-0.020257514
2016/8/19,67.173325,-0.00151207
2016/8/22,67.071831,-0.010092003
2016/8/23,66.398346,0.003606275
2016/8/24,66.638229,-0.014081997
2016/8/25,65.706406,-0.001124038
2016/8/26,65.632591,0.003648289
2016/8/29,65.872475,-0.001261276
2016/8/30,65.789444,0.001821338
2016/8/31,65.909378,0.019407227
2016/9/1,67.200989,-0.004678418
2016/9/2,66.887329,0.006872598
2016/9/6,67.348602,-0.012960282
2016/9/7,66.481377,-0.003196689
2016/9/8,66.269196,-0.021530413
2016/9/9,64.857643,0.023060662
2016/9/12,66.370682,-0.006694825
2016/9/13,65.927826,0.000839217
2016/9/14,65.983177,0.012229295
2016/9/15,66.795059,0.006470653
2016/9/16,67.228668,-0.010761765
2016/9/19,66.509048,-0.001665852
2016/9/20,66.398346,0.003052116
2016/9/21,66.601311,0.001107563
2016/9/22,66.675117,0.001106248
2016/9/23,66.748917,-0.010140847
2016/9/26,66.075447,0.00986443
2016/9/27,66.730469,-0.007493622
2016/9/28,66.232285,-0.014875338
2016/9/29,65.254349,0.019461401
2016/9/30,66.536728,-0.001526322
2016/10/3,66.435249,-0.003617087
2016/10/4,66.195381,-0.001115836
2016/10/5,66.121559,-0.032761748
2016/10/6,63.990402,-0.009561256
2016/10/7,63.381489,-0.010535429
2016/10/10,62.717243,-0.008717124
2016/10/11,62.172905,0.001038338
2016/10/12,62.237495,0.011349626
2016/10/13,62.947891,0.00321902
2016/10/14,63.150848,-0.003365628
2016/10/17,62.938663,0.009482823
2016/10/18,63.538338,0.000290349
2016/10/19,63.556789,-0.002325175
2016/10/20,63.40918,-0.005690877
2016/10/21,63.049351,0.01236138
2016/10/24,63.833565,0.002453954
2016/10/25,63.990402,0.003310465
2016/10/26,64.202591,0.003442728
2016/10/27,64.424004,0.002288776
2016/10/28,64.571625,0.000428564
2016/10/31,64.599304,-0.010335897
2016/11/1,63.935051,0.002162076
2016/11/2,64.073433,0.002588377
2016/11/3,64.239494,-0.006772577
2016/11/4,63.805897,0.008924667
2016/11/7,64.377892,0.000143253
2016/11/8,64.387115,0.018596655
2016/11/9,65.595703,0.004070447
2016/11/10,65.863251,-0.002243841
2016/11/11,65.71563,-0.010443301
2016/11/14,65.032913,0.013107076
2016/11/15,65.890915,-0.000419934
2016/11/16,65.863251,-0.031301489
2016/11/17,63.833565,-0.009438805
2016/11/18,63.233887,0.012037083
2016/11/21,63.999638,0.010753534
2016/11/22,64.691574,0.010074496
2016/11/23,65.346603,0.00563134
2016/11/25,65.71563,-0.000561835
2016/11/28,65.678719,0.002525542
2016/11/29,65.844803,-0.013258493
2016/11/30,64.977562,0.003401968
2016/12/1,65.19899,0.002967127
2016/12/2,65.392731,-0.013350657
2016/12/5,64.525497,0.00598714
2016/12/6,64.912979,0.010536919
2016/12/7,65.600578,-0.003689448
2016/12/8,65.358994,-0.003703126
2016/12/9,65.117409,0.022434714
2016/12/12,66.59481,0.001811922
2016/12/13,66.715584,-0.006426893
2016/12/14,66.288185,-0.003651229
2016/12/15,66.046593,-0.001407861
2016/12/16,65.953674,0.008417543
2016/12/19,66.511185,0.003347316
2016/12/20,66.734192,-0.008108601
2016/12/21,66.195259,-0.023433564
2016/12/22,64.662102,-0.000718577
2016/12/23,64.615654,0.002298023
2016/12/27,64.764313,-0.005610985
2016/12/28,64.401939,-0.000721589
2016/12/29,64.355484,-0.002023568
2016/12/30,64.225388,-0.006677401
2017/1/3,63.797958,0.005808893
2017/1/4,64.169632,0.002169482
2017/1/5,64.308998,-0.013821194
2017/1/6,63.426285,0.00657079
2017/1/9,63.844418,-0.007010183
2017/1/10,63.398422,0.004386892
2017/1/11,63.677155,-0.008204803
2017/1/12,63.156834,-0.012435538
2017/1/13,62.376308,0.019034143
2017/1/17,63.574959,-0.004541262
2017/1/18,63.286903,-0.007220034
2017/1/19,62.831615,-0.006528354
2017/1/20,62.422764,-0.007920554
2017/1/23,61.930294,0.011190003
2017/1/24,62.627186,-0.007595471
2017/1/25,62.153305,-0.002394854
2017/1/26,62.004635,-0.016164635
2017/1/27,61.01041,0.011508222
2017/1/30,61.716587,0.004805955
2017/1/31,62.013908,-0.007670614
2017/2/1,61.540043,0.007071182
2017/2/2,61.976746,-0.003002935
2017/2/3,61.790913,-0.001504767
2017/2/6,61.698002,0.007352446
2017/2/7,62.153305,0.013659994
2017/2/8,63.008144,0.01855567
2017/2/9,64.188217,-0.015463317
2017/2/10,63.203289,-0.003682387
2017/2/13,62.970978,0.01304723
2017/2/14,63.797958,0.00043694
2017/2/15,63.82584,0.002616953
2017/2/16,63.993088,0.007233915
2017/2/17,64.457687,0.029543414
2017/2/21,66.390396,0.003632475
2017/2/22,66.631996,-0.005593852
2017/2/23,66.260307,0.015031648
2017/2/24,67.263832,-0.00901996
2017/2/27,66.659843,-0.011354859
2017/2/28,65.907211,-0.006790182
2017/3/1,65.461205,0.004390617
2017/3/2,65.749252,-0.010370266
2017/3/3,65.070938,-0.002144283
2017/3/6,64.931557,-0.000142776
2017/3/7,64.922287,0.006323472
2017/3/8,65.334122,0.000859319
2017/3/9,65.390289,0.003429378
2017/3/10,65.614922,-0.00214176
2017/3/13,65.474541,0.010947464
2017/3/14,66.195259,-0.001981484
2017/3/15,66.064224,-0.001985646
2017/3/16,65.933174,-0.007838791
2017/3/17,65.418358,0.001287174
2017/3/20,65.502617,-0.001144089
2017/3/21,65.427719,0.004994771
2017/3/22,65.755333,-0.005567017
2017/3/23,65.390289,-0.003585177
2017/3/24,65.156273,0.000718337
2017/3/27,65.203094,0.00942969
2017/3/28,65.820847,0.005955143
2017/3/29,66.213989,0.011943884
2017/3/30,67.009583,0.006821419
2017/3/31,67.468246,-0.003474223
2017/4/3,67.234253,0.002502509
2017/4/4,67.402718,-0.005011862
2017/4/5,67.06575,-0.003074994
2017/4/6,66.85984,0.020370338
2017/4/7,68.235764,0.002192514
2017/4/10,68.385536,0.005051696
2017/4/11,68.731873,0.000135968
2017/4/12,68.741219,-0.003956306
2017/4/13,68.469795,0.004637092
2017/4/17,68.788033,0.005428106
2017/4/18,69.162437,0.002433158
2017/4/19,69.330925,0.009807438
2017/4/20,70.014229,0.001869685
2017/4/21,70.145256,-0.002137138
2017/4/24,69.995506,0.003603958
2017/4/25,70.248222,0.005050456
2017/4/26,70.603905,0.000132576
2017/4/27,70.613266,-0.003452359
2017/4/28,70.369904,0.000665035
2017/5/1,70.416718,0.003847214
2017/5/2,70.688148,0.003172976
2017/5/3,70.912796,0.007626515
2017/5/4,71.455681,0.002093721
2017/5/5,71.605446,-0.004979527
2017/5/8,71.249771,0.007851438
2017/5/9,71.811386,0.006408873
2017/5/10,72.273094,-0.007459314
2017/5/11,71.735992,-0.005532156
2017/5/12,71.340233,0.007631295
2017/5/15,71.886734,-0.015587832
2017/5/16,70.774864,0.000133442
2017/5/17,70.784309,0.031706917
2017/5/18,73.064621,0.015738133
2017/5/19,74.223618,-0.002796805
2017/5/22,74.016319,-0.000764191
2017/5/23,73.959778,-0.004341142
2017/5/24,73.639404,0.00204514
2017/5/25,73.790161,-0.002301068
2017/5/26,73.62056,0.000255928
2017/5/30,73.639404,0.005741639
2017/5/31,74.063431,0.015276974
2017/6/1,75.203583,-0.002383469
2017/6/2,75.024551,0.00800622
2017/6/5,75.627625,-0.016710179
2017/6/6,74.374374,0.002783454
2017/6/7,74.58168,-0.002783454
2017/6/8,74.374374,0.006188808
2017/6/9,74.83609,-0.002268979
2017/6/12,74.666481,0.003527445
2017/6/13,74.930328,0.004767125
2017/6/14,75.288383,-0.012467597
2017/6/15,74.355545,-0.04762525
2017/6/16,70.897346,0.003449786
2017/6/19,71.142349,0.000529741
2017/6/20,71.180046,0.009224067
2017/6/21,71.839653,-0.009489064
2017/6/22,71.161186,-0.009044833
2017/6/23,70.520447,0.008780089
2017/6/26,71.142349,0.006732209
2017/6/27,71.62291,0.006556702
2017/6/28,72.094063,-0.007609377
2017/6/29,71.547554,-0.003298292
2017/6/30,71.311958,-0.004237048
2017/7/3,71.010445,-0.000531119
2017/7/5,70.97274,0.001989517
2017/7/6,71.114082,-0.001856658
2017/7/7,70.98217,-0.028273447
2017/7/10,69.003365,0.003272234
2017/7/11,69.22953,0.006376765
2017/7/12,69.672401,0.014900434
2017/7/13,70.718323,0.017042492
2017/7/14,71.933868,0.000392881
2017/7/17,71.962135,-0.002228457
2017/7/18,71.801949,-0.004340095
2017/7/19,71.490997,0.001975011
2017/7/20,71.632332,0.001708842
2017/7/21,71.754845,0.009670634
2017/7/24,72.452126,0.020977405
2017/7/25,73.988037,0.004828001
2017/7/26,74.346115,0.01109182
2017/7/27,75.175339,0.000375638
2017/7/28,75.203583,0.002252885
2017/7/31,75.373199,0.006355713
2017/8/1,75.853775,0.000372476
2017/8/2,75.882034,0.004213008
2017/8/3,76.2024,-0.004834046
2017/8/4,75.834923,0.009891326
2017/8/7,76.588753,0.003806609
2017/8/8,76.880852,0.006515634
2017/8/9,77.383415,-0.011708956
2017/8/10,76.48262,-0.003228828
2017/8/11,76.236069,0.003724387
2017/8/14,76.520531,0.000866947
2017/8/15,76.586899,0.002596835
2017/8/16,76.786041,-0.015932999
2017/8/17,75.572304,-0.004904993
2017/8/18,75.20253,0.005030573
2017/8/21,75.581795,0.003881753
2017/8/22,75.875755,-0.000750191
2017/8/23,75.818855,-0.02046821
2017/8/24,74.282753,0.003694953
2017/8/25,74.557732,-0.007659818
2017/8/28,73.988815,0.009438748
2017/8/29,74.690483,-0.002924134
2017/8/30,74.472397,-0.006002154
2017/8/31,74.026741,0.003835328
2017/9/1,74.311203,0.018082422
2017/9/5,75.667152,0.003502594
2017/9/6,75.932648,0.000499331
2017/9/7,75.970573,-0.015597905
2017/9/8,74.794785,0.002532515
2017/9/11,74.984444,0.006679565
2017/9/12,75.486984,0.003135594
2017/9/13,75.724052,-0.002256676
2017/9/14,75.55336,0.008746515
2017/9/15,76.217087,-0.004738574
2017/9/18,75.856781,0.000624983
2017/9/19,75.904205,0.005605673
2017/9/20,76.330894,-0.006105652
2017/9/21,75.866264,-0.006017295
2017/9/22,75.411125,-0.004789433
2017/9/25,75.050812,0.003027518
2017/9/26,75.278374,-0.001260266
2017/9/27,75.183563,-0.004297525
2017/9/28,74.861153,-0.010312464
2017/9/29,74.093117,0.003959389
2017/10/2,74.387062,0.009767159
2017/10/3,75.117172,-0.001642251
2017/10/4,74.993912,0.004037872
2017/10/5,75.29734,-0.005176412
2017/10/6,74.908577,0.019182011
2017/10/9,76.359344,0.04373339
2017/10/10,79.772896,0.018839407
2017/10/11,81.290016,0.004306778
2017/10/12,81.640869,0.006021274
2017/10/13,82.133934,-0.010211304
2017/10/16,81.299507,0.002795331
2017/10/17,81.527084,0.002787454
2017/10/18,81.754654,0.002085497
2017/10/19,81.925331,0.01196525
2017/10/20,82.911476,0.01374307
2017/10/23,84.0588,-0.00758651
2017/10/24,83.4235,0.005667035
2017/10/25,83.897606,0.001581143
2017/10/26,84.030365,-0.005090911
2017/10/27,83.603661,-0.013933516
2017/10/30,82.446846,0.00413166
2017/10/31,82.788193,0.007189962
2017/11/1,83.385582,0.009731975
2017/11/2,84.20105,0.009860884
2017/11/3,85.035454,-0.010987799
2017/11/6,84.106216,0.002814531
2017/11/7,84.343269,0.014619923
2017/11/8,85.585419,0.00044312
2017/11/9,85.623352,0.006842363
2017/11/10,86.211227,0.000769719
2017/11/13,86.277611,0.001098384
2017/11/14,86.372429,-0.013929077
2017/11/15,85.177681,0.103444118
2017/11/16,94.46067,-0.021818295
2017/11/17,92.42202,0.000102524
2017/11/20,92.431496,-0.009896961
2017/11/21,91.521217,-0.0011402
2017/11/22,91.416924,0.002175686
2017/11/24,91.616035,0
2017/11/27,91.616035,0.001551145
2017/11/28,91.758255,0.008130775
2017/11/29,92.507362,-0.003388373
2017/11/30,92.194443,0.001233337
2017/12/1,92.30822,-0.003498467
2017/12/4,91.985847,0.008417081
2017/12/5,92.763367,-0.00563778
2017/12/6,92.241859,0.000103223
2017/12/7,92.251381,-0.002379357
2017/12/8,92.032143,0.003928074
2017/12/11,92.394363,-0.00237567
2017/12/12,92.175125,0.010902173
2017/12/13,93.185532,-0.006465256
2017/12/14,92.585007,-0.000205875
2017/12/15,92.565948,0.008102068
2017/12/18,93.31897,0.009151147
2017/12/19,94.176865,-0.000506208
2017/12/20,94.129204,-0.00701189
2017/12/21,93.471489,0.001528517
2017/12/22,93.614471,0.009626688
2017/12/26,94.52002,0.001007966
2017/12/27,94.615341,0.001409412
2017/12/28,94.748787,-0.006560693
2017/12/29,94.129204,-0.00162163
2018/1/2,93.976685,0.008685221
2018/1/3,94.796448,0.00090453
2018/1/4,94.882233,0.00590985
2018/1/5,95.444633,0.014672432
2018/1/8,96.855362,-0.012079172
2018/1/9,95.692467,-0.007197965
2018/1/10,95.006149,0.003505474
2018/1/11,95.339775,0.008462403
2018/1/12,96.150002,-0.001786077
2018/1/16,95.978424,0.019765634
2018/1/17,97.894371,0.015459241
2018/1/18,99.419502,0.002776562
2018/1/19,99.69593,0.008188862
2018/1/22,100.515678,0.004258463
2018/1/23,100.944633,-0.001039307
2018/1/24,100.839775,0.007627488
2018/1/25,101.61187,0.016652365
2018/1/26,103.318115,0.010645307
2018/1/29,104.423843,-0.016753076
2018/1/30,102.688995,-0.010544595
2018/1/31,101.61187,-0.010182938
2018/2/1,100.582413,-0.009904749
2018/2/2,99.591087,-0.042926025
2018/2/5,95.406494,0.008060191
2018/2/6,96.178596,0.01914165
2018/2/7,98.037346,-0.027901398
2018/2/8,95.339775,-0.006519892
2018/2/9,94.720192,0.001809697
2018/2/12,94.891762,0.014262488
2018/2/13,96.254852,0.00710468
2018/2/14,96.941147,0.014932494
2018/2/15,98.399582,0.014903163
2018/2/16,99.877029,-0.107398562
2018/2/20,89.706314,-0.027906838
2018/2/21,87.237503,0.013565832
2018/2/22,88.429016,0.0012928
2018/2/23,88.543411,0.002472822
2018/2/26,88.762634,-0.017331454
2018/2/27,87.237503,-0.016636618
2018/2/28,85.798172,-0.01038602
2018/3/1,84.911682,-0.003485991
2018/3/2,84.616196,0.013538673
2018/3/5,85.769577,-0.010277247
2018/3/6,84.892616,-0.014932473
2018/3/7,83.634377,0.007993862
2018/3/8,84.305618,0.00905795
2018/3/9,85.072723,-0.007353266
2018/3/12,84.449455,0.002608052
2018/3/13,84.669991,-0.007160286
2018/3/14,84.065895,-0.001826843
2018/3/15,83.91246,0.018791701
2018/3/16,85.504227,-0.019477567
2018/3/19,83.854927,0.005701199
2018/3/20,84.334366,0.002611866
2018/3/21,84.554924,-0.011864247
2018/3/22,83.557671,-0.019935685
2018/3/23,81.908386,0.024058537
2018/3/26,83.902878,-0.016710155
2018/3/27,82.512497,0.019791067
2018/3/28,84.161774,0.013579619
2018/3/29,85.312454,-0.039198219
2018/4/2,82.033051,0.014505661
2018/4/3,83.231667,0.004826935
2018/4/4,83.634392,0.00674169
2018/4/5,84.200134,-0.012836782
2018/4/6,83.126183,-0.004740873
2018/4/9,82.733025,0.001968544
2018/4/10,82.896049,-0.006265955
2018/4/11,82.37825,-0.005602894
2018/4/12,81.917984,0.006882377
2018/4/13,82.483719,0.00948746
2018/4/16,83.270004,0.012132586
2018/4/17,84.286438,-0.003761275
2018/4/18,83.970009,0.003647573
2018/4/19,84.276855,-0.010407813
2018/4/20,83.404266,-0.010168828
2018/4/23,82.56044,0.004981766
2018/4/24,82.972763,0.007369016
2018/4/25,83.586449,0.008794584
2018/4/26,84.324799,-0.00741892
2018/4/27,83.701515,0.013314583
2018/4/30,84.823418,-0.011940713
2018/5/1,83.816589,-0.012316745
2018/5/2,82.790573,-0.001274737
2018/5/3,82.685104,0.014963205
2018/5/4,83.931641,-0.02381604
2018/5/7,81.956337,0.003153971
2018/5/8,82.215233,-0.031756206
2018/5/9,79.645409,0.001815618
2018/5/10,79.790146,0.008309891
2018/5/11,80.455956,0.012040225
2018/5/14,81.430519,0.001539392
2018/5/15,81.555969,0.018869639
2018/5/16,83.109512,-0.01922471
2018/5/17,81.527016,-0.010111306
2018/5/18,80.706825,0.010348218
2018/5/21,81.546333,-0.013581431
2018/5/22,80.446304,-0.004327435
2018/5/23,80.09893,-0.001929514
2018/5/24,79.944527,-0.00471829
2018/5/25,79.568214,-0.000727829
2018/5/29,79.510323,0.020658748
2018/5/30,81.169991,-0.018961215
2018/5/31,79.645409,0.005437095
2018/6/1,80.079628,0.02886002
2018/6/4,82.4244,-0.009409403
2018/6/5,81.652473,-0.000709342
2018/6/6,81.594574,0.004601468
2018/6/7,81.970894,-0.006969452
2018/6/8,81.401588,-0.000711529
2018/6/11,81.343689,-0.002375295
2018/6/12,81.150703,-0.000118934
2018/6/13,81.141052,-0.003573919
2018/6/14,80.851578,-0.001074805
2018/6/15,80.764725,-0.008398386
2018/6/18,80.089272,0.00732261
2018/6/19,80.677887,0
2018/6/20,80.677887,0.00715043
2018/6/21,81.256836,0.00721787
2018/6/22,81.845459,0.019266128
2018/6/25,83.437592,-0.005682831
2018/6/26,82.964775,0.010528177
2018/6/27,83.842857,-0.011924913
2018/6/28,82.848976,-0.002448759
2018/6/29,82.646347,-0.019452472
2018/7/2,81.054207,0.005224404
2018/7/3,81.478775,0.001538297
2018/7/5,81.60421,-0.000709492
2018/7/6,81.546333,0.016662945
2018/7/9,82.916519,0.014786032
2018/7/10,84.151634,-0.007827708
2018/7/11,83.495491,-0.00011569
2018/7/12,83.485832,0.013546303
2018/7/13,84.624451,-0.000684434
2018/7/16,84.566551,0.006256027
2018/7/17,85.09726,-0.001361452
2018/7/18,84.981483,-0.003982172
2018/7/19,84.643745,0.003868518
2018/7/20,84.971825,-0.00489505
2018/7/23,84.5569,0.00375877
2018/7/24,84.875328,-0.000682221
2018/7/25,84.817444,0.003747151
2018/7/26,85.135864,-0.001134078
2018/7/27,85.039368,0.00847418
2018/7/30,85.763069,0.003930302
2018/7/31,86.100807,-0.011157132
2018/8/1,85.145508,0.005875874
2018/8/2,85.647285,0.009419105
2018/8/3,86.457817,0.00078092
2018/8/6,86.52536,0.001114705
2018/8/7,86.621864,0.00311422
2018/8/8,86.892044,-0.005825025
2018/8/9,86.387367,0.013058886
2018/8/10,87.522888,-0.006006068
2018/8/13,86.998795,0.013408045
2018/8/14,88.173134,-0.006958546
2018/8/15,87.561707,0.089225775
2018/8/16,95.73362,-0.008041259
2018/8/17,94.966888,-0.01908754
2018/8/20,93.171394,0.000833085
2018/8/21,93.249046,-0.004276392
2018/8/22,92.851128,-0.005135027
2018/8/23,92.375557,-0.002419375
2018/8/24,92.152336,-0.004327406
2018/8/27,91.754417,0.016054044
2018/8/28,93.239334,-0.004485926
2018/8/29,92.822006,0.004798213
2018/8/30,93.268456,-0.002500495
2018/8/31,93.03553,-0.005229669
2018/9/4,92.550255,0.013126667
2018/9/5,93.77314,-0.001761126
2018/9/6,93.608139,-0.00644893
2018/9/7,93.006409,0.011103753
2018/9/10,94.044884,-0.00268674
2018/9/11,93.792549,-0.00695703
2018/9/12,93.142296,-0.008896594
2018/9/13,92.317322,-0.005587384
2018/9/14,91.802948,0.002428648
2018/9/17,92.026176,0.006412554
2018/9/18,92.618195,-0.001992987
2018/9/19,92.433792,0.005340767
2018/9/20,92.92878,0.001565221
2018/9/21,93.074348,-0.01027164
2018/9/24,92.123215,0.001894632
2018/9/25,92.29792,-0.005377196
2018/9/26,91.802948,-0.004874986
2018/9/27,91.356499,-0.002339745
2018/9/28,91.142998,0.005204039
2018/10/1,91.618546,0.007913471
2018/10/2,92.346443,-0.01141534
2018/10/3,91.298271,0.001487027
2018/10/4,91.434135,-0.009598964
2018/10/5,90.560661,0.014681138
2018/10/8,91.900002,0.024926986
2018/10/9,94.219582,-0.013690225
2018/10/10,92.938484,-0.019401745
2018/10/11,91.152695,0.009431537
2018/10/12,92.016472,-0.010496922
2018/10/15,91.055634,0.02098893
2018/10/16,92.986992,0.007797636
2018/10/17,93.714905,-0.004047131
2018/10/18,93.336395,0.010138656
2018/10/19,94.287514,-0.000102935
2018/10/22,94.277809,0.006771368
2018/10/23,94.918365,-0.002457051
2018/10/24,94.685432,0.016468877
2018/10/25,96.257706,-0.002422822
2018/10/26,96.024773,0.008654604
2018/10/29,96.859436,0.025913885
2018/10/30,99.402245,-0.021115857
2018/10/31,97.325287,0.002987233
2018/11/1,97.616455,0.007527719
2018/11/2,98.354057,0.015373724
2018/11/5,99.877808,0.004072991
2018/11/6,100.285439,0.009535198
2018/11/7,101.246254,0.005353772
2018/11/8,101.789757,0.006462613
2018/11/9,102.449715,-0.016139327
2018/11/12,100.809517,-0.008993873
2018/11/13,99.906914,-0.013791893
2018/11/14,98.538467,-0.019794752
2018/11/15,96.607101,-0.018760409
2018/11/16,94.811607,-0.00935891
2018/11/19,93.928413,-0.027444793
2018/11/20,91.38562,0.000106193
2018/11/21,91.395325,0.009827278
2018/11/23,92.29792,0.000525583
2018/11/26,92.346443,-0.001156642
2018/11/27,92.239693,0.025144162
2018/11/28,94.588387,-0.00174586
2018/11/29,94.423393,0.003693483
2018/11/30,94.772789,0.011201746
2018/12/3,95.840378,-0.030224466
2018/12/4,92.986992,-0.005471954
2018/12/6,92.479561,-0.016812352
2018/12/7,90.937759,0.008015852
2018/12/10,91.669632,-0.000958574
2018/12/11,91.581802,-0.00791608
2018/12/12,90.859695,-0.001612321
2018/12/13,90.713318,-0.012012512
2018/12/14,89.630142,-0.011828008
2018/12/17,88.576241,0.003409465
2018/12/18,88.878754,-0.005836127
2018/12/19,88.361557,-0.036780778
2018/12/20,85.170593,-0.001720112
2018/12/21,85.024216,-0.015149314
2018/12/24,83.745865,0.05210304
2018/12/26,88.224953,0.012967041
2018/12/27,89.376419,0.005878594
2018/12/28,89.903374,0.011010448
2018/12/31,90.89872,0.002037577
2019/1/2,91.084122,-0.005155679
2019/1/3,90.61573,0.006226587
2019/1/4,91.181717,0.011703453
2019/1/7,92.255127,0.006956939
2019/1/8,92.899178,-0.003261596
2019/1/9,92.596672,0.0007374
2019/1/10,92.664978,-0.001264534
2019/1/11,92.547874,0.001159138
2019/1/14,92.655212,0.013598588
2019/1/15,93.923798,0.001038462
2019/1/16,94.021385,0.004039526
2019/1/17,94.401955,0.010181666
2019/1/18,95.368034,-0.002458843
2019/1/22,95.133827,0.012436516
2019/1/23,96.324348,-0.003552082
2019/1/24,95.982803,-0.014541903
2019/1/25,94.59713,0.001236989
2019/1/28,94.714218,-0.003612417
2019/1/29,94.372688,-0.019947394
2019/1/30,92.50885,0.010806275
2019/1/31,93.513947,-0.020771376
2019/2/1,91.591568,0.009648443
2019/2/4,92.479561,0.008720043
2019/2/5,93.289513,0.000418223
2019/2/6,93.328537,0.011332561
2019/2/7,94.392204,-0.011960004
2019/2/8,93.269997,0.006465715
2019/2/11,93.875008,0.007972269
2019/2/12,94.626396,0.00995347
2019/2/13,95.57296,0.005904408
2019/2/14,96.138931,0.014810675
2019/2/15,97.57341,0.021861477
2019/2/19,99.729996,-0.022962238
2019/2/20,97.466064,-0.004917873
2019/2/21,96.987915,0.001608391
2019/2/22,97.144035,-0.004328725
2019/2/25,96.724434,-0.004347555
2019/2/26,96.304832,-0.005894364
2019/2/27,95.738846,0.008929559
2019/2/28,96.59758,-0.01076586
2019/3/1,95.563202,-0.000817374
2019/3/4,95.485123,0.004995236
2019/3/5,95.963287,-0.000813809
2019/3/6,95.885223,-0.008277562
2019/3/7,95.094803,0.001435557
2019/3/8,95.231415,0.009078555
2019/3/11,96.099915,-0.001117733
2019/3/12,95.992561,0.006686977
2019/3/13,96.636612,-0.002846697
2019/3/14,96.361908,0.002034211
2019/3/15,96.558128,0.012520387
2019/3/18,97.774673,0.00190463
2019/3/19,97.961075,-0.012192215
2019/3/20,96.773964,0.004248728
2019/3/21,97.186005,-0.007905095
2019/3/22,96.420769,-0.001119867
2019/3/25,96.312851,0.001526802
2019/3/26,96.460014,-0.011353906
2019/3/27,95.37101,-0.000823272
2019/3/28,95.292526,0.004109736
2019/3/29,95.684959,0.002968971
2019/4/1,95.969467,-0.009036715
2019/4/2,95.106125,0.002575662
2019/4/3,95.351402,0.009421391
2019/4/4,96.25399,0.007311942
2019/4/5,96.960373,0.004039186
2019/4/8,97.352806,-0.005456769
2019/4/9,96.823021,0.00917853
2019/4/10,97.715805,0.011976273
2019/4/11,98.893112,0.007511234
2019/4/12,99.638718,0.008529995
2019/4/15,100.492271,0.004869495
2019/4/16,100.982811,0.002232016
2019/4/17,101.208458,0.000193789
2019/4/18,101.228073,-0.007881268
2019/4/22,100.433403,0.006814612
2019/4/23,101.120155,0.004453097
2019/4/24,101.571457,-9.66755E-05
2019/4/25,101.561638,-0.019410442
2019/4/26,99.609291,0.000295381
2019/4/29,99.638718,0.012524672
2019/4/30,100.894508,-0.014495858
2019/5/1,99.442505,-0.00207402
2019/5/2,99.236473,0.009152411
2019/5/3,100.148895,0.003715497
2019/5/6,100.52169,-0.011385892
2019/5/7,99.383652,-0.009920844
2019/5/8,98.402557,-0.002307927
2019/5/9,98.175713,0.023530488
2019/5/10,100.513229,-0.020020592
2019/5/13,98.520905,0.003996544
2019/5/14,98.915436,-0.004096609
2019/5/15,98.511047,0.014215663
2019/5/16,99.921448,-0.004451633
2019/5/17,99.477623,0.006522266
2019/5/20,100.128563,-0.003947797
2019/5/21,99.734055,0.010917252
2019/5/22,100.828842,-0.003625857
2019/5/23,100.463913,0.007920549
2019/5/24,101.262802,-0.002437891
2019/5/28,101.016235,-0.002933362
2019/5/29,100.720352,0.000685218
2019/5/30,100.789391,-0.007366369
2019/5/31,100.049667,0.005113149
2019/6/3,100.562546,0.005867389
2019/6/4,101.15432,0.017973119
2019/6/5,102.988815,0.006586262
2019/6/6,103.669365,0.008997567
2019/6/7,104.606346,0.013671959
2019/6/10,106.046341,0.003898664
2019/6/11,106.460587,0.008119588
2019/6/12,107.328522,-0.001563444
2019/6/13,107.160851,0.003858185
2019/6/14,107.575096,0.000824832
2019/6/17,107.663864,0.004478713
2019/6/18,108.147141,-0.000273618
2019/6/19,108.117554,0.006365405
2019/6/20,108.807961,0.007315434
2019/6/21,109.606857,0.000989321
2019/6/24,109.715347,-0.004685511
2019/6/25,109.202477,-0.005070548
2019/6/26,108.650162,-0.000544915
2019/6/27,108.590973,0.003535942
2019/6/28,108.975624,0.001175966
2019/7/1,109.103851,0.00882008
2019/7/2,110.070412,0.006430857
2019/7/3,110.78054,-0.003031539
2019/7/5,110.445213,0.006586524
2019/7/8,111.175064,0.001418431
2019/7/9,111.33287,0.000885537
2019/7/10,111.431503,0.008285641
2019/7/11,112.35862,0.00595133
2019/7/12,113.029297,0.003310416
2019/7/15,113.404091,-0.001915168
2019/7/16,113.187111,-0.001395248
2019/7/17,113.029297,0.001046632
2019/7/18,113.147659,-0.007173505
2019/7/19,112.338898,-0.009527272
2019/7/22,111.273697,-0.006491502
2019/7/23,110.553703,-0.000803263
2019/7/24,110.464935,0.001962389
2019/7/25,110.681923,0.007103535
2019/7/26,111.470955,-0.006658132
2019/7/29,110.731232,-0.001872181
2019/7/30,110.524117,-0.015105566
2019/7/31,108.867134,-0.009100937
2019/8/1,107.880836,0.00018287
2019/8/2,107.900566,-0.033271251
2019/8/5,104.369644,0.013609375
2019/8/6,105.799759,0.008632398
2019/8/7,106.717018,0.007863413
2019/8/8,107.559486,-0.011492261
2019/8/9,106.33046,-0.019388739
2019/8/12,104.288704,0.020599887
2019/8/13,106.45932,-0.011329299
2019/8/14,105.260017,0.059316715
2019/8/15,111.692589,0.002658529
2019/8/16,111.989922,0.007231088
2019/8/19,112.802666,-0.015585135
2019/8/20,111.05825,-0.000267814
2019/8/21,111.028511,-0.000982428
2019/8/22,110.919487,-0.009697491
2019/8/23,109.849045,0.010412033
2019/8/26,110.998772,0.003832338
2019/8/27,111.424973,0.002664968
2019/8/28,111.722313,0.011993146
2019/8/29,113.070282,0.001576589
2019/8/30,113.248688,0.003320189
2019/9/3,113.62532,0.011017312
2019/9/4,114.884087,-0.004063148
2019/9/5,114.418243,-0.006169339
2019/9/6,113.714531,0.013849373
2019/9/9,115.300362,-0.002409832
2019/9/10,115.022842,-0.000258582
2019/9/11,114.993103,0.007727367
2019/9/12,115.885139,0.00435254
2019/9/13,116.390633,-0.015966063
2019/9/16,114.547089,0.008100751
2019/9/17,115.478775,0.005563434
2019/9/18,116.123024,-0.000426888
2019/9/19,116.073463,-0.001110646
2019/9/20,115.944618,0.005456071
2019/9/23,116.578949,0.006609614
2019/9/24,117.352043,0.000591055
2019/9/25,117.421425,-0.00143599
2019/9/26,117.25293,0.001267174
2019/9/27,117.401604,0.001939811
2019/9/30,117.629562,-0.007018109
2019/10/1,116.806915,-0.014788518
2019/10/2,115.092224,0.001634881
2019/10/3,115.28054,0.015780601
2019/10/4,117.114166,-0.007901747
2019/10/7,116.192406,0.002981126
2019/10/8,116.539307,0.011416121
2019/10/9,117.877357,0.005701362
2019/10/10,118.551338,0.005253263
2019/10/11,119.175758,-0.008938713
2019/10/14,118.115227,0.003016318
2019/10/15,118.472038,-0.000920675
2019/10/16,118.363014,0.003510832
2019/10/17,118.779297,-0.005858228
2019/10/18,118.085495,0.005023382
2019/10/21,118.680176,-0.001337064
2019/10/22,118.521599,-0.001925265
2019/10/23,118.293633,-0.002096883
2019/10/24,118.045845,-0.000503923
2019/10/25,117.986374,0.001511007
2019/10/28,118.164787,-0.017515382
2019/10/29,116.113106,0.008076536
2019/10/30,117.054695,-0.00713797
2019/10/31,116.222137,0.003065383
2019/11/1,116.578949,-0.000425219
2019/11/4,116.529388,0.010912478
2019/11/5,117.807976,0.005370004
2019/11/6,118.442307,0.006090222
2019/11/7,119.165848,-0.006592399
2019/11/8,118.382843,-0.003354662
2019/11/11,117.986374,0.000671886
2019/11/12,118.065674,0.015493844
2019/11/13,119.90921,-0.002731457
2019/11/14,119.58213,-0.014863322
2019/11/15,117.817886,0.011542428
2019/11/18,119.185669,-0.002998239
2019/11/19,118.828857,-0.00635932
2019/11/20,118.075584,0.006109021
2019/11/21,118.799118,-0.004180195
2019/11/22,118.303551,-0.003693252
2019/11/25,117.867432,0.002267909
2019/11/26,118.135048,-0.0036142
2019/11/27,117.708855,0.002774858
2019/11/29,118.035934,0.001594209
2019/12/2,118.224258,-0.005127182
2019/12/3,117.619652,0.000168572
2019/12/4,117.639481,0.004222602
2019/12/5,118.137276,0.009394406
2019/12/6,119.252335,-0.00351255
2019/12/9,118.83419,-0.001844874
2019/12/10,118.615158,-0.00117576
2019/12/11,118.475777,0.006366255
2019/12/12,119.23243,0.004415744
2019/12/13,119.760094,0.002076107
2019/12/16,120.008987,0.006120281
2019/12/17,120.745728,-0.011777514
2019/12/18,119.331985,0.00183381
2019/12/19,119.551018,0.001747316
2019/12/20,119.760094,-0.010529988
2019/12/23,118.505638,0.004024526
2019/12/24,118.983528,8.36131E-05
2019/12/26,118.993477,0.000585525
2019/12/27,119.063171,-0.001589958
2019/12/30,118.874016,-0.004701217
2019/12/31,118.316475,
